# MagicaVoxel @ Ephtracy

# group
o 

# material
mtllib caja.mtl
usemtl palette

# normals
vn -1 0 0
vn 1 0 0
vn 0 0 1
vn 0 0 -1
vn 0 -1 0
vn 0 1 0

# texcoords
vt 0.00195312 0.5
vt 0.0253906 0.5
vt 0.0292969 0.5
vt 0.0488281 0.5

# verts
v -1.6 0 1.6
v -1.6 0 -1.6
v -1.6 0.1 1.5
v -1.6 0.1 -1.5
v -1.6 0.3 1.2
v -1.6 0.3 0.8
v -1.6 0.3 -0.8
v -1.6 0.3 -1.2
v -1.6 0.4 1.3
v -1.6 0.4 1.2
v -1.6 0.4 0.8
v -1.6 0.4 0.7
v -1.6 0.4 -0.7
v -1.6 0.4 -0.8
v -1.6 0.4 -1.2
v -1.6 0.4 -1.3
v -1.6 0.5 0.7
v -1.6 0.5 -0.7
v -1.6 0.6 1.2
v -1.6 0.6 1.1
v -1.6 0.6 0.7
v -1.6 0.6 -0.7
v -1.6 0.6 -1.1
v -1.6 0.6 -1.2
v -1.6 0.7 1.1
v -1.6 0.7 0.8
v -1.6 0.7 -0.8
v -1.6 0.7 -1.1
v -1.6 0.8 1.3
v -1.6 0.8 1.2
v -1.6 0.8 0.8
v -1.6 0.8 0.7
v -1.6 0.8 -0.7
v -1.6 0.8 -0.8
v -1.6 0.8 -1.2
v -1.6 0.8 -1.3
v -1.6 0.9 1.2
v -1.6 0.9 1.1
v -1.6 0.9 1
v -1.6 0.9 0.8
v -1.6 0.9 -0.8
v -1.6 0.9 -1
v -1.6 0.9 -1.1
v -1.6 0.9 -1.2
v -1.6 2.3 1.2
v -1.6 2.3 1.1
v -1.6 2.3 1
v -1.6 2.3 0.8
v -1.6 2.3 -0.8
v -1.6 2.3 -1
v -1.6 2.3 -1.1
v -1.6 2.3 -1.2
v -1.6 2.4 1.3
v -1.6 2.4 1.2
v -1.6 2.4 0.8
v -1.6 2.4 0.7
v -1.6 2.4 -0.7
v -1.6 2.4 -0.8
v -1.6 2.4 -1.2
v -1.6 2.4 -1.3
v -1.6 2.6 0.9
v -1.6 2.6 0.8
v -1.6 2.6 0.7
v -1.6 2.6 -0.7
v -1.6 2.6 -0.8
v -1.6 2.6 -0.9
v -1.6 2.7 1.2
v -1.6 2.7 0.9
v -1.6 2.7 0.7
v -1.6 2.7 -0.7
v -1.6 2.7 -0.9
v -1.6 2.7 -1.2
v -1.6 2.8 1.3
v -1.6 2.8 1.2
v -1.6 2.8 0.8
v -1.6 2.8 0.7
v -1.6 2.8 -0.7
v -1.6 2.8 -0.8
v -1.6 2.8 -1.2
v -1.6 2.8 -1.3
v -1.6 2.9 1.2
v -1.6 2.9 0.8
v -1.6 2.9 -0.8
v -1.6 2.9 -1.2
v -1.6 3.1 1.5
v -1.6 3.1 -1.5
v -1.6 3.2 1.6
v -1.6 3.2 -1.6
v -1.5 0.1 1.5
v -1.5 0.1 -1.5
v -1.5 0.3 1.2
v -1.5 0.3 0.8
v -1.5 0.3 -0.8
v -1.5 0.3 -1.2
v -1.5 0.4 1.3
v -1.5 0.4 1.2
v -1.5 0.4 0.8
v -1.5 0.4 0.7
v -1.5 0.4 -0.7
v -1.5 0.4 -0.8
v -1.5 0.4 -1.2
v -1.5 0.4 -1.3
v -1.5 0.5 0.7
v -1.5 0.5 -0.7
v -1.5 0.6 0.7
v -1.5 0.6 -0.7
v -1.5 0.7 0.6
v -1.5 0.7 -0.6
v -1.5 0.8 1.3
v -1.5 0.8 1.2
v -1.5 0.8 0.8
v -1.5 0.8 0.7
v -1.5 0.8 0.6
v -1.5 0.8 -0.6
v -1.5 0.8 -0.7
v -1.5 0.8 -0.8
v -1.5 0.8 -1.2
v -1.5 0.8 -1.3
v -1.5 0.9 1.2
v -1.5 0.9 1.1
v -1.5 0.9 1
v -1.5 0.9 0.8
v -1.5 0.9 0.7
v -1.5 0.9 0.4
v -1.5 0.9 -0.4
v -1.5 0.9 -0.7
v -1.5 0.9 -0.8
v -1.5 0.9 -1
v -1.5 0.9 -1.1
v -1.5 0.9 -1.2
v -1.5 1 1
v -1.5 1 0.8
v -1.5 1 0.5
v -1.5 1 0.4
v -1.5 1 0.2
v -1.5 1 0.1
v -1.5 1 -0.1
v -1.5 1 -0.2
v -1.5 1 -0.4
v -1.5 1 -0.5
v -1.5 1 -0.8
v -1.5 1 -1
v -1.5 1.2 0.6
v -1.5 1.2 0.5
v -1.5 1.2 -0.5
v -1.5 1.2 -0.6
v -1.5 1.3 0.2
v -1.5 1.3 0.1
v -1.5 1.3 -0.1
v -1.5 1.3 -0.2
v -1.5 1.4 0.7
v -1.5 1.4 0.6
v -1.5 1.4 -0.6
v -1.5 1.4 -0.7
v -1.5 1.5 0.7
v -1.5 1.5 0.6
v -1.5 1.5 0.1
v -1.5 1.5 -0.1
v -1.5 1.5 -0.6
v -1.5 1.5 -0.7
v -1.5 1.6 0.2
v -1.5 1.6 0.1
v -1.5 1.6 -0.1
v -1.5 1.6 -0.2
v -1.5 1.7 0.6
v -1.5 1.7 0.5
v -1.5 1.7 0.3
v -1.5 1.7 0.2
v -1.5 1.7 -0.2
v -1.5 1.7 -0.3
v -1.5 1.7 -0.5
v -1.5 1.7 -0.6
v -1.5 1.9 0.7
v -1.5 1.9 0.6
v -1.5 2 0.7
v -1.5 2 0.6
v -1.5 2 0.3
v -1.5 2 0.2
v -1.5 2 -0.2
v -1.5 2 -0.3
v -1.5 2 -0.6
v -1.5 2 -0.7
v -1.5 2.1 0.6
v -1.5 2.1 0.5
v -1.5 2.1 0.2
v -1.5 2.1 0.1
v -1.5 2.1 -0.1
v -1.5 2.1 -0.2
v -1.5 2.1 -0.5
v -1.5 2.1 -0.6
v -1.5 2.2 0.5
v -1.5 2.2 0.4
v -1.5 2.2 0.1
v -1.5 2.2 -0.1
v -1.5 2.2 -0.4
v -1.5 2.2 -0.5
v -1.5 2.3 1.2
v -1.5 2.3 1.1
v -1.5 2.3 1
v -1.5 2.3 0.8
v -1.5 2.3 0.4
v -1.5 2.3 -0.4
v -1.5 2.3 -0.8
v -1.5 2.3 -1
v -1.5 2.3 -1.1
v -1.5 2.3 -1.2
v -1.5 2.4 1.3
v -1.5 2.4 1.2
v -1.5 2.4 0.8
v -1.5 2.4 0.7
v -1.5 2.4 -0.7
v -1.5 2.4 -0.8
v -1.5 2.4 -1.2
v -1.5 2.4 -1.3
v -1.5 2.6 1.5
v -1.5 2.6 1.4
v -1.5 2.6 0.7
v -1.5 2.6 -0.7
v -1.5 2.6 -1.4
v -1.5 2.6 -1.5
v -1.5 2.7 0.7
v -1.5 2.7 -0.7
v -1.5 2.8 1.4
v -1.5 2.8 1.3
v -1.5 2.8 1.2
v -1.5 2.8 0.8
v -1.5 2.8 0.7
v -1.5 2.8 -0.7
v -1.5 2.8 -0.8
v -1.5 2.8 -1.2
v -1.5 2.8 -1.3
v -1.5 2.9 1.3
v -1.5 2.9 1.2
v -1.5 2.9 0.8
v -1.5 2.9 0.6
v -1.5 2.9 -0.8
v -1.5 2.9 -1.2
v -1.5 3 0.6
v -1.5 3 -1.4
v -1.5 3.1 1.5
v -1.5 3.1 -1.5
v -1.4 0.9 0.4
v -1.4 0.9 -0.4
v -1.4 1 0.5
v -1.4 1 0.4
v -1.4 1 0.2
v -1.4 1 0.1
v -1.4 1 -0.1
v -1.4 1 -0.2
v -1.4 1 -0.4
v -1.4 1 -0.5
v -1.4 1.2 0.6
v -1.4 1.2 0.5
v -1.4 1.2 -0.5
v -1.4 1.2 -0.6
v -1.4 1.3 0.2
v -1.4 1.3 0.1
v -1.4 1.3 -0.1
v -1.4 1.3 -0.2
v -1.4 1.4 0.7
v -1.4 1.4 0.6
v -1.4 1.4 -0.6
v -1.4 1.4 -0.7
v -1.4 1.5 0.7
v -1.4 1.5 0.6
v -1.4 1.5 0.1
v -1.4 1.5 -0.1
v -1.4 1.5 -0.6
v -1.4 1.5 -0.7
v -1.4 1.6 0.2
v -1.4 1.6 0.1
v -1.4 1.6 -0.1
v -1.4 1.6 -0.2
v -1.4 1.7 0.6
v -1.4 1.7 0.5
v -1.4 1.7 0.3
v -1.4 1.7 0.2
v -1.4 1.7 -0.2
v -1.4 1.7 -0.3
v -1.4 1.7 -0.5
v -1.4 1.7 -0.6
v -1.4 1.9 0.7
v -1.4 1.9 0.6
v -1.4 2 0.7
v -1.4 2 0.6
v -1.4 2 0.3
v -1.4 2 0.2
v -1.4 2 -0.2
v -1.4 2 -0.3
v -1.4 2.1 0.5
v -1.4 2.1 0.2
v -1.4 2.1 0.1
v -1.4 2.1 -0.1
v -1.4 2.1 -0.2
v -1.4 2.1 -0.5
v -1.4 2.2 0.5
v -1.4 2.2 0.4
v -1.4 2.2 0.1
v -1.4 2.2 -0.1
v -1.4 2.2 -0.4
v -1.4 2.2 -0.5
v -1.4 2.3 0.4
v -1.4 2.3 -0.4
v -1.3 0.4 1.6
v -1.3 0.4 1.5
v -1.3 0.4 -1.5
v -1.3 0.4 -1.6
v -1.3 0.8 1.6
v -1.3 0.8 1.5
v -1.3 0.8 -1.5
v -1.3 0.8 -1.6
v -1.3 1 0.2
v -1.3 1 0.1
v -1.3 1 -0.1
v -1.3 1 -0.2
v -1.3 1.3 0.2
v -1.3 1.3 0.1
v -1.3 1.3 -0.1
v -1.3 1.3 -0.2
v -1.3 1.5 0.1
v -1.3 1.5 -0.1
v -1.3 1.6 0.2
v -1.3 1.6 0.1
v -1.3 1.6 -0.1
v -1.3 1.6 -0.2
v -1.3 1.7 0.3
v -1.3 1.7 0.2
v -1.3 1.7 -0.2
v -1.3 1.7 -0.3
v -1.3 2 0.3
v -1.3 2 0.2
v -1.3 2 -0.2
v -1.3 2 -0.3
v -1.3 2.1 0.2
v -1.3 2.1 0.1
v -1.3 2.1 -0.1
v -1.3 2.1 -0.2
v -1.3 2.2 0.1
v -1.3 2.2 -0.1
v -1.3 2.4 1.6
v -1.3 2.4 1.5
v -1.3 2.4 -1.5
v -1.3 2.4 -1.6
v -1.3 2.8 1.6
v -1.3 2.8 1.5
v -1.3 2.8 -1.5
v -1.3 2.8 -1.6
v -1.2 0.3 1.6
v -1.2 0.3 1.5
v -1.2 0.3 -1.5
v -1.2 0.3 -1.6
v -1.2 0.4 1.6
v -1.2 0.4 1.5
v -1.2 0.4 -1.5
v -1.2 0.4 -1.6
v -1.2 0.8 1.6
v -1.2 0.8 1.5
v -1.2 0.8 -1.5
v -1.2 0.8 -1.6
v -1.2 0.9 1.6
v -1.2 0.9 1.5
v -1.2 0.9 -1.5
v -1.2 0.9 -1.6
v -1.2 2.3 1.6
v -1.2 2.3 1.5
v -1.2 2.3 -1.5
v -1.2 2.3 -1.6
v -1.2 2.4 1.6
v -1.2 2.4 1.5
v -1.2 2.4 -1.5
v -1.2 2.4 -1.6
v -1.2 2.8 1.6
v -1.2 2.8 1.5
v -1.2 2.8 -1.5
v -1.2 2.8 -1.6
v -1.2 2.9 1.6
v -1.2 2.9 1.5
v -1.2 2.9 -1.5
v -1.2 2.9 -1.6
v -1.1 0.9 1.6
v -1.1 0.9 1.5
v -1.1 0.9 -1.5
v -1.1 0.9 -1.6
v -1.1 2.3 1.6
v -1.1 2.3 1.5
v -1.1 2.3 -1.5
v -1.1 2.3 -1.6
v -0.8 0.8 1.5
v -0.8 0.8 1.4
v -0.8 0.8 -1.4
v -0.8 0.8 -1.5
v -0.8 0.9 1.5
v -0.8 0.9 1.4
v -0.8 0.9 -1.4
v -0.8 0.9 -1.5
v -0.7 1.5 -1.4
v -0.7 1.5 -1.5
v -0.7 1.9 -1.4
v -0.7 1.9 -1.5
v -0.6 1.9 -1.4
v -0.6 1.9 -1.5
v -0.6 2.1 -1.4
v -0.6 2.1 -1.5
v -0.3 1.7 1.5
v -0.3 1.7 1.4
v -0.3 1.7 -1.4
v -0.3 1.7 -1.5
v -0.3 2 1.5
v -0.3 2 1.4
v -0.3 2 -1.4
v -0.3 2 -1.5
v -0.2 1 1.5
v -0.2 1 1.4
v -0.2 1 -1.4
v -0.2 1 -1.5
v -0.2 1.3 1.5
v -0.2 1.3 1.4
v -0.2 1.3 -1.4
v -0.2 1.3 -1.5
v -0.2 1.6 1.5
v -0.2 1.6 1.4
v -0.2 1.6 -1.4
v -0.2 1.6 -1.5
v -0.2 1.7 1.5
v -0.2 1.7 1.4
v -0.2 1.7 -1.4
v -0.2 1.7 -1.5
v -0.2 2 1.5
v -0.2 2 1.4
v -0.2 2 -1.4
v -0.2 2 -1.5
v -0.2 2.1 1.5
v -0.2 2.1 1.4
v -0.2 2.1 -1.4
v -0.2 2.1 -1.5
v -0.1 1 1.4
v -0.1 1 1.3
v -0.1 1 -1.3
v -0.1 1 -1.4
v -0.1 1.3 1.4
v -0.1 1.3 1.3
v -0.1 1.3 -1.3
v -0.1 1.3 -1.4
v -0.1 1.5 1.5
v -0.1 1.5 1.4
v -0.1 1.5 -1.4
v -0.1 1.5 -1.5
v -0.1 1.6 1.5
v -0.1 1.6 1.4
v -0.1 1.6 -1.4
v -0.1 1.6 -1.5
v -0.1 2.1 1.5
v -0.1 2.1 1.4
v -0.1 2.1 -1.4
v -0.1 2.1 -1.5
v -0.1 2.2 1.5
v -0.1 2.2 1.4
v -0.1 2.2 -1.4
v -0.1 2.2 -1.5
v 0.1 0.8 1.4
v 0.1 0.8 1.2
v 0.1 0.9 1.4
v 0.1 0.9 1.3
v 0.1 0.9 1.2
v 0.1 1 1.5
v 0.1 1 1.4
v 0.1 1 -1.4
v 0.1 1 -1.5
v 0.1 1.3 1.5
v 0.1 1.3 1.4
v 0.1 1.3 -1.4
v 0.1 1.3 -1.5
v 0.1 1.5 1.4
v 0.1 1.5 1.3
v 0.1 1.5 -1.3
v 0.1 1.5 -1.4
v 0.1 1.6 1.4
v 0.1 1.6 1.3
v 0.1 1.6 -1.3
v 0.1 1.6 -1.4
v 0.1 2.1 1.4
v 0.1 2.1 1.3
v 0.1 2.1 -1.3
v 0.1 2.1 -1.4
v 0.1 2.2 1.4
v 0.1 2.2 1.3
v 0.1 2.2 -1.3
v 0.1 2.2 -1.4
v 0.2 1 1.4
v 0.2 1 1.3
v 0.2 1 -1.3
v 0.2 1 -1.4
v 0.2 1.3 1.4
v 0.2 1.3 1.3
v 0.2 1.3 -1.3
v 0.2 1.3 -1.4
v 0.2 1.6 1.4
v 0.2 1.6 1.3
v 0.2 1.6 -1.3
v 0.2 1.6 -1.4
v 0.2 1.7 1.4
v 0.2 1.7 1.3
v 0.2 1.7 -1.3
v 0.2 1.7 -1.4
v 0.2 2 1.4
v 0.2 2 1.3
v 0.2 2 -1.3
v 0.2 2 -1.4
v 0.2 2.1 1.4
v 0.2 2.1 1.3
v 0.2 2.1 -1.3
v 0.2 2.1 -1.4
v 0.3 1.7 1.4
v 0.3 1.7 1.3
v 0.3 1.7 -1.3
v 0.3 1.7 -1.4
v 0.3 2 1.4
v 0.3 2 1.3
v 0.3 2 -1.3
v 0.3 2 -1.4
v 0.4 0.9 1.5
v 0.4 0.9 1.4
v 0.4 1 1.5
v 0.4 1 1.4
v 0.4 2.2 1.5
v 0.4 2.2 1.4
v 0.4 2.3 1.5
v 0.4 2.3 1.4
v 0.5 1 1.5
v 0.5 1 1.4
v 0.5 1.2 1.5
v 0.5 1.2 1.4
v 0.5 1.7 1.5
v 0.5 1.7 1.4
v 0.5 1.7 -1.4
v 0.5 1.7 -1.5
v 0.5 2.1 1.5
v 0.5 2.1 1.4
v 0.5 2.1 -1.4
v 0.5 2.1 -1.5
v 0.5 2.2 1.5
v 0.5 2.2 1.4
v 0.6 1.2 1.5
v 0.6 1.2 1.4
v 0.6 1.4 1.5
v 0.6 1.4 1.4
v 0.6 1.5 1.5
v 0.6 1.5 1.4
v 0.6 1.5 -1.4
v 0.6 1.5 -1.5
v 0.6 1.7 1.5
v 0.6 1.7 1.4
v 0.6 1.7 -1.4
v 0.6 1.7 -1.5
v 0.7 0.4 1.6
v 0.7 0.4 1.5
v 0.7 0.4 -1.5
v 0.7 0.4 -1.6
v 0.7 0.5 1.6
v 0.7 0.5 1.5
v 0.7 0.5 -1.5
v 0.7 0.5 -1.6
v 0.7 0.6 1.6
v 0.7 0.6 1.5
v 0.7 0.6 -1.5
v 0.7 0.6 -1.6
v 0.7 0.8 1.6
v 0.7 0.8 1.5
v 0.7 0.8 -1.4
v 0.7 0.8 -1.5
v 0.7 0.8 -1.6
v 0.7 0.9 -1.4
v 0.7 0.9 -1.5
v 0.7 1.4 1.5
v 0.7 1.4 1.4
v 0.7 1.5 1.5
v 0.7 1.5 1.4
v 0.7 2.4 1.6
v 0.7 2.4 1.5
v 0.7 2.4 -1.5
v 0.7 2.4 -1.6
v 0.7 2.6 1.6
v 0.7 2.6 1.5
v 0.7 2.6 -1.5
v 0.7 2.6 -1.6
v 0.7 2.7 1.6
v 0.7 2.7 1.5
v 0.7 2.7 -1.5
v 0.7 2.7 -1.6
v 0.7 2.8 1.6
v 0.7 2.8 1.5
v 0.7 2.8 -1.5
v 0.7 2.8 -1.6
v 0.8 0.3 1.6
v 0.8 0.3 1.5
v 0.8 0.3 -1.5
v 0.8 0.3 -1.6
v 0.8 0.4 1.6
v 0.8 0.4 1.5
v 0.8 0.4 -1.5
v 0.8 0.4 -1.6
v 0.8 0.8 1.6
v 0.8 0.8 1.5
v 0.8 0.8 -1.5
v 0.8 0.8 -1.6
v 0.8 0.9 1.6
v 0.8 0.9 1.5
v 0.8 0.9 -1.4
v 0.8 0.9 -1.5
v 0.8 0.9 -1.6
v 0.8 1 -1.4
v 0.8 1 -1.5
v 0.8 2.3 1.6
v 0.8 2.3 1.5
v 0.8 2.3 -1.5
v 0.8 2.3 -1.6
v 0.8 2.4 1.6
v 0.8 2.4 1.5
v 0.8 2.4 -1.4
v 0.8 2.4 -1.5
v 0.8 2.4 -1.6
v 0.8 2.8 1.6
v 0.8 2.8 1.5
v 0.8 2.8 -1.4
v 0.8 2.8 -1.5
v 0.8 2.8 -1.6
v 0.8 2.9 1.6
v 0.8 2.9 1.5
v 0.8 2.9 -1.5
v 0.8 2.9 -1.6
v 1 0.8 1.5
v 1 0.8 1.4
v 1 0.8 -1.4
v 1 0.8 -1.5
v 1 0.9 1.6
v 1 0.9 1.5
v 1 0.9 1.4
v 1 0.9 -1.4
v 1 0.9 -1.5
v 1 0.9 -1.6
v 1 1 1.5
v 1 1 -1.4
v 1 1 -1.5
v 1 2.3 1.6
v 1 2.3 1.5
v 1 2.3 -1.5
v 1 2.3 -1.6
v 1 2.4 -1.4
v 1 2.4 -1.5
v 1 2.8 -1.4
v 1 2.8 -1.5
v 1 2.9 -1.5
v 1 3 -1.4
v 1 3 -1.5
v 1.4 1 0.2
v 1.4 1 0.1
v 1.4 1 -0.1
v 1.4 1 -0.2
v 1.4 1.3 0.2
v 1.4 1.3 0.1
v 1.4 1.3 -0.1
v 1.4 1.3 -0.2
v 1.4 1.5 0.1
v 1.4 1.5 -0.1
v 1.4 1.6 0.2
v 1.4 1.6 0.1
v 1.4 1.6 -0.1
v 1.4 1.6 -0.2
v 1.4 1.7 0.3
v 1.4 1.7 0.2
v 1.4 1.7 -0.2
v 1.4 1.7 -0.3
v 1.4 2 0.3
v 1.4 2 0.2
v 1.4 2 -0.2
v 1.4 2 -0.3
v 1.4 2.1 0.2
v 1.4 2.1 0.1
v 1.4 2.1 -0.1
v 1.4 2.1 -0.2
v 1.4 2.2 0.1
v 1.4 2.2 -0.1
v 1.5 0.1 1.6
v 1.5 0.1 1.5
v 1.5 0.1 -1.5
v 1.5 0.1 -1.6
v 1.5 2.6 1.5
v 1.5 2.6 -1.5
v 1.5 3.1 1.6
v 1.5 3.1 1.5
v 1.5 3.1 -1.5
v 1.5 3.1 -1.6
v -1.5 0.1 1.6
v -1.5 0.1 1.5
v -1.5 0.1 -1.5
v -1.5 0.1 -1.6
v -1.5 2.6 1.5
v -1.5 2.6 -1.5
v -1.5 3.1 1.6
v -1.5 3.1 1.5
v -1.5 3.1 -1.5
v -1.5 3.1 -1.6
v -1.4 1 0.2
v -1.4 1 0.1
v -1.4 1 -0.1
v -1.4 1 -0.2
v -1.4 1.3 0.2
v -1.4 1.3 0.1
v -1.4 1.3 -0.1
v -1.4 1.3 -0.2
v -1.4 1.5 0.1
v -1.4 1.5 -0.1
v -1.4 1.6 0.2
v -1.4 1.6 0.1
v -1.4 1.6 -0.1
v -1.4 1.6 -0.2
v -1.4 1.7 0.3
v -1.4 1.7 0.2
v -1.4 1.7 -0.2
v -1.4 1.7 -0.3
v -1.4 2 0.3
v -1.4 2 0.2
v -1.4 2 -0.2
v -1.4 2 -0.3
v -1.4 2.1 0.2
v -1.4 2.1 0.1
v -1.4 2.1 -0.1
v -1.4 2.1 -0.2
v -1.4 2.2 0.1
v -1.4 2.2 -0.1
v -1 0.8 1.5
v -1 0.8 1.4
v -1 0.8 -1.4
v -1 0.8 -1.5
v -1 0.9 1.6
v -1 0.9 1.5
v -1 0.9 1.4
v -1 0.9 -1.4
v -1 0.9 -1.5
v -1 0.9 -1.6
v -1 1 1.5
v -1 1 -1.4
v -1 1 -1.5
v -1 2.3 1.6
v -1 2.3 1.5
v -1 2.3 -1.5
v -1 2.3 -1.6
v -1 2.4 -1.4
v -1 2.4 -1.5
v -1 2.8 -1.4
v -1 2.8 -1.5
v -1 2.9 -1.4
v -1 2.9 -1.5
v -0.8 0.3 1.6
v -0.8 0.3 1.5
v -0.8 0.3 -1.5
v -0.8 0.3 -1.6
v -0.8 0.4 1.6
v -0.8 0.4 1.5
v -0.8 0.4 -1.5
v -0.8 0.4 -1.6
v -0.8 0.8 1.6
v -0.8 0.8 1.5
v -0.8 0.8 -1.5
v -0.8 0.8 -1.6
v -0.8 0.9 1.6
v -0.8 0.9 1.5
v -0.8 0.9 -1.4
v -0.8 0.9 -1.5
v -0.8 0.9 -1.6
v -0.8 1 -1.4
v -0.8 1 -1.5
v -0.8 2.3 1.6
v -0.8 2.3 1.5
v -0.8 2.3 -1.5
v -0.8 2.3 -1.6
v -0.8 2.4 1.6
v -0.8 2.4 1.5
v -0.8 2.4 -1.4
v -0.8 2.4 -1.5
v -0.8 2.4 -1.6
v -0.8 2.8 1.6
v -0.8 2.8 1.5
v -0.8 2.8 -1.4
v -0.8 2.8 -1.5
v -0.8 2.8 -1.6
v -0.8 2.9 1.6
v -0.8 2.9 1.5
v -0.8 2.9 -1.5
v -0.8 2.9 -1.6
v -0.7 0.4 1.6
v -0.7 0.4 1.5
v -0.7 0.4 -1.5
v -0.7 0.4 -1.6
v -0.7 0.5 1.6
v -0.7 0.5 1.5
v -0.7 0.5 -1.5
v -0.7 0.5 -1.6
v -0.7 0.6 1.6
v -0.7 0.6 1.5
v -0.7 0.6 -1.5
v -0.7 0.6 -1.6
v -0.7 0.8 1.6
v -0.7 0.8 1.5
v -0.7 0.8 -1.4
v -0.7 0.8 -1.5
v -0.7 0.8 -1.6
v -0.7 0.9 -1.4
v -0.7 0.9 -1.5
v -0.7 1.4 1.5
v -0.7 1.4 1.4
v -0.7 1.5 1.5
v -0.7 1.5 1.4
v -0.7 2.4 1.6
v -0.7 2.4 1.5
v -0.7 2.4 -1.5
v -0.7 2.4 -1.6
v -0.7 2.6 1.6
v -0.7 2.6 1.5
v -0.7 2.6 -1.5
v -0.7 2.6 -1.6
v -0.7 2.7 1.6
v -0.7 2.7 1.5
v -0.7 2.7 -1.5
v -0.7 2.7 -1.6
v -0.7 2.8 1.6
v -0.7 2.8 1.5
v -0.7 2.8 -1.5
v -0.7 2.8 -1.6
v -0.6 1.2 1.5
v -0.6 1.2 1.4
v -0.6 1.4 1.5
v -0.6 1.4 1.4
v -0.6 1.5 1.5
v -0.6 1.5 1.4
v -0.6 1.5 -1.4
v -0.6 1.5 -1.5
v -0.6 1.7 1.5
v -0.6 1.7 1.4
v -0.6 1.7 -1.4
v -0.6 1.7 -1.5
v -0.6 2.9 -1.4
v -0.6 2.9 -1.5
v -0.6 3 -1.4
v -0.6 3 -1.5
v -0.5 1 1.5
v -0.5 1 1.4
v -0.5 1.2 1.5
v -0.5 1.2 1.4
v -0.5 1.7 1.5
v -0.5 1.7 1.4
v -0.5 1.7 -1.4
v -0.5 1.7 -1.5
v -0.5 2.1 1.5
v -0.5 2.1 1.4
v -0.5 2.1 -1.4
v -0.5 2.1 -1.5
v -0.5 2.2 1.5
v -0.5 2.2 1.4
v -0.4 0.9 1.5
v -0.4 0.9 1.4
v -0.4 1 1.5
v -0.4 1 1.4
v -0.4 2.2 1.5
v -0.4 2.2 1.4
v -0.4 2.3 1.5
v -0.4 2.3 1.4
v -0.3 1.7 1.4
v -0.3 1.7 1.3
v -0.3 1.7 -1.3
v -0.3 1.7 -1.4
v -0.3 2 1.4
v -0.3 2 1.3
v -0.3 2 -1.3
v -0.3 2 -1.4
v -0.2 1 1.4
v -0.2 1 1.3
v -0.2 1 -1.3
v -0.2 1 -1.4
v -0.2 1.3 1.4
v -0.2 1.3 1.3
v -0.2 1.3 -1.3
v -0.2 1.3 -1.4
v -0.2 1.6 1.4
v -0.2 1.6 1.3
v -0.2 1.6 -1.3
v -0.2 1.6 -1.4
v -0.2 1.7 1.4
v -0.2 1.7 1.3
v -0.2 1.7 -1.3
v -0.2 1.7 -1.4
v -0.2 2 1.4
v -0.2 2 1.3
v -0.2 2 -1.3
v -0.2 2 -1.4
v -0.2 2.1 1.4
v -0.2 2.1 1.3
v -0.2 2.1 -1.3
v -0.2 2.1 -1.4
v -0.1 0.8 1.4
v -0.1 0.8 1.2
v -0.1 0.9 1.4
v -0.1 0.9 1.3
v -0.1 0.9 1.2
v -0.1 1 1.5
v -0.1 1 1.4
v -0.1 1 -1.4
v -0.1 1 -1.5
v -0.1 1.3 1.5
v -0.1 1.3 1.4
v -0.1 1.3 -1.4
v -0.1 1.3 -1.5
v -0.1 1.5 1.4
v -0.1 1.5 1.3
v -0.1 1.5 -1.3
v -0.1 1.5 -1.4
v -0.1 1.6 1.4
v -0.1 1.6 1.3
v -0.1 1.6 -1.3
v -0.1 1.6 -1.4
v -0.1 2.1 1.4
v -0.1 2.1 1.3
v -0.1 2.1 -1.3
v -0.1 2.1 -1.4
v -0.1 2.2 1.4
v -0.1 2.2 1.3
v -0.1 2.2 -1.3
v -0.1 2.2 -1.4
v 0.1 1 1.4
v 0.1 1 1.3
v 0.1 1 -1.3
v 0.1 1 -1.4
v 0.1 1.3 1.4
v 0.1 1.3 1.3
v 0.1 1.3 -1.3
v 0.1 1.3 -1.4
v 0.1 1.5 1.5
v 0.1 1.5 1.4
v 0.1 1.5 -1.4
v 0.1 1.5 -1.5
v 0.1 1.6 1.5
v 0.1 1.6 1.4
v 0.1 1.6 -1.4
v 0.1 1.6 -1.5
v 0.1 2.1 1.5
v 0.1 2.1 1.4
v 0.1 2.1 -1.4
v 0.1 2.1 -1.5
v 0.1 2.2 1.5
v 0.1 2.2 1.4
v 0.1 2.2 -1.4
v 0.1 2.2 -1.5
v 0.2 1 1.5
v 0.2 1 1.4
v 0.2 1 -1.4
v 0.2 1 -1.5
v 0.2 1.3 1.5
v 0.2 1.3 1.4
v 0.2 1.3 -1.4
v 0.2 1.3 -1.5
v 0.2 1.6 1.5
v 0.2 1.6 1.4
v 0.2 1.6 -1.4
v 0.2 1.6 -1.5
v 0.2 1.7 1.5
v 0.2 1.7 1.4
v 0.2 1.7 -1.4
v 0.2 1.7 -1.5
v 0.2 2 1.5
v 0.2 2 1.4
v 0.2 2 -1.4
v 0.2 2 -1.5
v 0.2 2.1 1.5
v 0.2 2.1 1.4
v 0.2 2.1 -1.4
v 0.2 2.1 -1.5
v 0.3 1.7 1.5
v 0.3 1.7 1.4
v 0.3 1.7 -1.4
v 0.3 1.7 -1.5
v 0.3 2 1.5
v 0.3 2 1.4
v 0.3 2 -1.4
v 0.3 2 -1.5
v 0.6 2 -1.4
v 0.6 2 -1.5
v 0.6 2.1 -1.4
v 0.6 2.1 -1.5
v 0.7 1.5 -1.4
v 0.7 1.5 -1.5
v 0.7 2 -1.4
v 0.7 2 -1.5
v 0.8 0.8 1.5
v 0.8 0.8 1.4
v 0.8 0.8 -1.4
v 0.8 0.8 -1.5
v 0.8 0.9 1.5
v 0.8 0.9 1.4
v 0.8 0.9 -1.4
v 0.8 0.9 -1.5
v 1.1 0.9 1.6
v 1.1 0.9 1.5
v 1.1 0.9 -1.5
v 1.1 0.9 -1.6
v 1.1 2.3 1.6
v 1.1 2.3 1.5
v 1.1 2.3 -1.5
v 1.1 2.3 -1.6
v 1.2 0.3 1.6
v 1.2 0.3 1.5
v 1.2 0.3 -1.5
v 1.2 0.3 -1.6
v 1.2 0.4 1.6
v 1.2 0.4 1.5
v 1.2 0.4 -1.5
v 1.2 0.4 -1.6
v 1.2 0.8 1.6
v 1.2 0.8 1.5
v 1.2 0.8 -1.5
v 1.2 0.8 -1.6
v 1.2 0.9 1.6
v 1.2 0.9 1.5
v 1.2 0.9 -1.5
v 1.2 0.9 -1.6
v 1.2 2.3 1.6
v 1.2 2.3 1.5
v 1.2 2.3 -1.5
v 1.2 2.3 -1.6
v 1.2 2.4 1.6
v 1.2 2.4 1.5
v 1.2 2.4 -1.5
v 1.2 2.4 -1.6
v 1.2 2.8 1.6
v 1.2 2.8 1.5
v 1.2 2.8 -1.5
v 1.2 2.8 -1.6
v 1.2 2.9 1.6
v 1.2 2.9 1.5
v 1.2 2.9 -1.5
v 1.2 2.9 -1.6
v 1.3 0.4 1.6
v 1.3 0.4 1.5
v 1.3 0.4 -1.5
v 1.3 0.4 -1.6
v 1.3 0.8 1.6
v 1.3 0.8 1.5
v 1.3 0.8 -1.5
v 1.3 0.8 -1.6
v 1.3 1 0.2
v 1.3 1 0.1
v 1.3 1 -0.1
v 1.3 1 -0.2
v 1.3 1.3 0.2
v 1.3 1.3 0.1
v 1.3 1.3 -0.1
v 1.3 1.3 -0.2
v 1.3 1.5 0.1
v 1.3 1.5 -0.1
v 1.3 1.6 0.2
v 1.3 1.6 0.1
v 1.3 1.6 -0.1
v 1.3 1.6 -0.2
v 1.3 1.7 0.3
v 1.3 1.7 0.2
v 1.3 1.7 -0.2
v 1.3 1.7 -0.3
v 1.3 2 0.3
v 1.3 2 0.2
v 1.3 2 -0.2
v 1.3 2 -0.3
v 1.3 2.1 0.2
v 1.3 2.1 0.1
v 1.3 2.1 -0.1
v 1.3 2.1 -0.2
v 1.3 2.2 0.1
v 1.3 2.2 -0.1
v 1.3 2.4 1.6
v 1.3 2.4 1.5
v 1.3 2.4 -1.5
v 1.3 2.4 -1.6
v 1.3 2.8 1.6
v 1.3 2.8 1.5
v 1.3 2.8 -1.5
v 1.3 2.8 -1.6
v 1.4 0.9 0.4
v 1.4 0.9 -0.4
v 1.4 1 0.5
v 1.4 1 0.4
v 1.4 1 0.2
v 1.4 1 0.1
v 1.4 1 -0.1
v 1.4 1 -0.2
v 1.4 1 -0.4
v 1.4 1 -0.5
v 1.4 1.2 0.6
v 1.4 1.2 0.5
v 1.4 1.2 -0.5
v 1.4 1.2 -0.6
v 1.4 1.3 0.2
v 1.4 1.3 0.1
v 1.4 1.3 -0.1
v 1.4 1.3 -0.2
v 1.4 1.4 0.7
v 1.4 1.4 0.6
v 1.4 1.4 -0.6
v 1.4 1.4 -0.7
v 1.4 1.5 0.7
v 1.4 1.5 0.6
v 1.4 1.5 0.1
v 1.4 1.5 -0.1
v 1.4 1.5 -0.6
v 1.4 1.5 -0.7
v 1.4 1.6 0.2
v 1.4 1.6 0.1
v 1.4 1.6 -0.1
v 1.4 1.6 -0.2
v 1.4 1.7 0.6
v 1.4 1.7 0.5
v 1.4 1.7 0.3
v 1.4 1.7 0.2
v 1.4 1.7 -0.2
v 1.4 1.7 -0.3
v 1.4 1.7 -0.5
v 1.4 1.7 -0.6
v 1.4 2 0.3
v 1.4 2 0.2
v 1.4 2 -0.2
v 1.4 2 -0.3
v 1.4 2.1 0.5
v 1.4 2.1 0.2
v 1.4 2.1 0.1
v 1.4 2.1 -0.1
v 1.4 2.1 -0.2
v 1.4 2.1 -0.5
v 1.4 2.2 0.5
v 1.4 2.2 0.4
v 1.4 2.2 0.1
v 1.4 2.2 -0.1
v 1.4 2.2 -0.4
v 1.4 2.2 -0.5
v 1.4 2.3 0.4
v 1.4 2.3 -0.4
v 1.5 0.1 1.5
v 1.5 0.1 -1.5
v 1.5 0.3 1.2
v 1.5 0.3 0.8
v 1.5 0.3 -0.8
v 1.5 0.3 -1.2
v 1.5 0.4 1.3
v 1.5 0.4 1.2
v 1.5 0.4 0.8
v 1.5 0.4 0.7
v 1.5 0.4 -0.7
v 1.5 0.4 -0.8
v 1.5 0.4 -1.2
v 1.5 0.4 -1.3
v 1.5 0.5 0.7
v 1.5 0.5 -0.7
v 1.5 0.6 0.7
v 1.5 0.6 -0.7
v 1.5 0.7 0.6
v 1.5 0.7 -0.6
v 1.5 0.8 1.3
v 1.5 0.8 1.2
v 1.5 0.8 0.8
v 1.5 0.8 0.7
v 1.5 0.8 0.6
v 1.5 0.8 -0.6
v 1.5 0.8 -0.7
v 1.5 0.8 -0.8
v 1.5 0.8 -1.2
v 1.5 0.8 -1.3
v 1.5 0.9 1.2
v 1.5 0.9 1.1
v 1.5 0.9 1
v 1.5 0.9 0.8
v 1.5 0.9 0.7
v 1.5 0.9 0.4
v 1.5 0.9 -0.4
v 1.5 0.9 -0.7
v 1.5 0.9 -0.8
v 1.5 0.9 -1
v 1.5 0.9 -1.1
v 1.5 0.9 -1.2
v 1.5 1 1
v 1.5 1 0.8
v 1.5 1 0.5
v 1.5 1 0.4
v 1.5 1 0.2
v 1.5 1 0.1
v 1.5 1 -0.1
v 1.5 1 -0.2
v 1.5 1 -0.4
v 1.5 1 -0.5
v 1.5 1 -0.8
v 1.5 1 -1
v 1.5 1.2 0.6
v 1.5 1.2 0.5
v 1.5 1.2 -0.5
v 1.5 1.2 -0.6
v 1.5 1.3 0.2
v 1.5 1.3 0.1
v 1.5 1.3 -0.1
v 1.5 1.3 -0.2
v 1.5 1.4 0.7
v 1.5 1.4 0.6
v 1.5 1.4 -0.6
v 1.5 1.4 -0.7
v 1.5 1.5 0.7
v 1.5 1.5 0.6
v 1.5 1.5 0.1
v 1.5 1.5 -0.1
v 1.5 1.5 -0.6
v 1.5 1.5 -0.7
v 1.5 1.6 0.2
v 1.5 1.6 0.1
v 1.5 1.6 -0.1
v 1.5 1.6 -0.2
v 1.5 1.7 0.6
v 1.5 1.7 0.5
v 1.5 1.7 0.3
v 1.5 1.7 0.2
v 1.5 1.7 -0.2
v 1.5 1.7 -0.3
v 1.5 1.7 -0.5
v 1.5 1.7 -0.6
v 1.5 1.9 -0.6
v 1.5 1.9 -0.7
v 1.5 2 0.7
v 1.5 2 0.6
v 1.5 2 0.3
v 1.5 2 0.2
v 1.5 2 -0.2
v 1.5 2 -0.3
v 1.5 2.1 0.6
v 1.5 2.1 0.5
v 1.5 2.1 0.2
v 1.5 2.1 0.1
v 1.5 2.1 -0.1
v 1.5 2.1 -0.2
v 1.5 2.1 -0.5
v 1.5 2.1 -0.6
v 1.5 2.2 0.5
v 1.5 2.2 0.4
v 1.5 2.2 0.1
v 1.5 2.2 -0.1
v 1.5 2.2 -0.4
v 1.5 2.2 -0.5
v 1.5 2.3 1.2
v 1.5 2.3 1.1
v 1.5 2.3 1
v 1.5 2.3 0.8
v 1.5 2.3 0.4
v 1.5 2.3 -0.4
v 1.5 2.3 -0.8
v 1.5 2.3 -1
v 1.5 2.3 -1.1
v 1.5 2.3 -1.2
v 1.5 2.4 1.3
v 1.5 2.4 1.2
v 1.5 2.4 0.8
v 1.5 2.4 0.7
v 1.5 2.4 -0.7
v 1.5 2.4 -0.8
v 1.5 2.4 -1.2
v 1.5 2.4 -1.3
v 1.5 2.6 1.5
v 1.5 2.6 1.4
v 1.5 2.6 0.7
v 1.5 2.6 -0.7
v 1.5 2.6 -1.4
v 1.5 2.6 -1.5
v 1.5 2.7 0.7
v 1.5 2.7 -0.7
v 1.5 2.8 1.3
v 1.5 2.8 1.2
v 1.5 2.8 0.8
v 1.5 2.8 0.7
v 1.5 2.8 -0.7
v 1.5 2.8 -0.8
v 1.5 2.8 -1.2
v 1.5 2.8 -1.3
v 1.5 2.8 -1.4
v 1.5 2.9 1.2
v 1.5 2.9 0.8
v 1.5 2.9 -0.6
v 1.5 2.9 -0.8
v 1.5 2.9 -1.2
v 1.5 2.9 -1.3
v 1.5 3 1.4
v 1.5 3 -0.6
v 1.5 3.1 1.5
v 1.5 3.1 -1.5
v 1.6 0 1.6
v 1.6 0 -1.6
v 1.6 0.1 1.5
v 1.6 0.1 -1.5
v 1.6 0.3 1.2
v 1.6 0.3 0.8
v 1.6 0.3 -0.8
v 1.6 0.3 -1.2
v 1.6 0.4 1.3
v 1.6 0.4 1.2
v 1.6 0.4 0.8
v 1.6 0.4 0.7
v 1.6 0.4 -0.7
v 1.6 0.4 -0.8
v 1.6 0.4 -1.2
v 1.6 0.4 -1.3
v 1.6 0.5 0.7
v 1.6 0.5 -0.7
v 1.6 0.6 1.2
v 1.6 0.6 1.1
v 1.6 0.6 0.7
v 1.6 0.6 -0.7
v 1.6 0.6 -1.1
v 1.6 0.6 -1.2
v 1.6 0.7 1.1
v 1.6 0.7 0.8
v 1.6 0.7 -0.8
v 1.6 0.7 -1.1
v 1.6 0.8 1.3
v 1.6 0.8 1.2
v 1.6 0.8 0.8
v 1.6 0.8 0.7
v 1.6 0.8 -0.7
v 1.6 0.8 -0.8
v 1.6 0.8 -1.2
v 1.6 0.8 -1.3
v 1.6 0.9 1.2
v 1.6 0.9 1.1
v 1.6 0.9 1
v 1.6 0.9 0.8
v 1.6 0.9 -0.8
v 1.6 0.9 -1
v 1.6 0.9 -1.1
v 1.6 0.9 -1.2
v 1.6 2.3 1.2
v 1.6 2.3 1.1
v 1.6 2.3 1
v 1.6 2.3 0.8
v 1.6 2.3 -0.8
v 1.6 2.3 -1
v 1.6 2.3 -1.1
v 1.6 2.3 -1.2
v 1.6 2.4 1.3
v 1.6 2.4 1.2
v 1.6 2.4 0.8
v 1.6 2.4 0.7
v 1.6 2.4 -0.7
v 1.6 2.4 -0.8
v 1.6 2.4 -1.2
v 1.6 2.4 -1.3
v 1.6 2.6 0.9
v 1.6 2.6 0.8
v 1.6 2.6 0.7
v 1.6 2.6 -0.7
v 1.6 2.6 -0.8
v 1.6 2.6 -0.9
v 1.6 2.7 1.2
v 1.6 2.7 0.9
v 1.6 2.7 0.7
v 1.6 2.7 -0.7
v 1.6 2.7 -0.9
v 1.6 2.7 -1.2
v 1.6 2.8 1.3
v 1.6 2.8 1.2
v 1.6 2.8 0.8
v 1.6 2.8 0.7
v 1.6 2.8 -0.7
v 1.6 2.8 -0.8
v 1.6 2.8 -1.2
v 1.6 2.8 -1.3
v 1.6 2.9 1.2
v 1.6 2.9 0.8
v 1.6 2.9 -0.8
v 1.6 2.9 -1.2
v 1.6 3.1 1.5
v 1.6 3.1 -1.5
v 1.6 3.2 1.6
v 1.6 3.2 -1.6
v -1.6 0 1.6
v -1.6 3.2 1.6
v -1.5 0.1 1.6
v -1.5 3.1 1.6
v -1.3 0.4 1.6
v -1.3 0.8 1.6
v -1.3 2.4 1.6
v -1.3 2.8 1.6
v -1.2 0.3 1.6
v -1.2 0.4 1.6
v -1.2 0.6 1.6
v -1.2 0.8 1.6
v -1.2 0.9 1.6
v -1.2 2.3 1.6
v -1.2 2.4 1.6
v -1.2 2.7 1.6
v -1.2 2.8 1.6
v -1.2 2.9 1.6
v -1.1 0.6 1.6
v -1.1 0.7 1.6
v -1.1 0.9 1.6
v -1.1 2.3 1.6
v -1 0.9 1.6
v -1 2.3 1.6
v -0.9 2.6 1.6
v -0.9 2.7 1.6
v -0.8 0.3 1.6
v -0.8 0.4 1.6
v -0.8 0.7 1.6
v -0.8 0.8 1.6
v -0.8 0.9 1.6
v -0.8 2.3 1.6
v -0.8 2.4 1.6
v -0.8 2.6 1.6
v -0.8 2.8 1.6
v -0.8 2.9 1.6
v -0.7 0.4 1.6
v -0.7 0.5 1.6
v -0.7 0.6 1.6
v -0.7 0.8 1.6
v -0.7 2.4 1.6
v -0.7 2.6 1.6
v -0.7 2.7 1.6
v -0.7 2.8 1.6
v 0.7 0.4 1.6
v 0.7 0.5 1.6
v 0.7 0.6 1.6
v 0.7 0.8 1.6
v 0.7 2.4 1.6
v 0.7 2.6 1.6
v 0.7 2.7 1.6
v 0.7 2.8 1.6
v 0.8 0.3 1.6
v 0.8 0.4 1.6
v 0.8 0.7 1.6
v 0.8 0.8 1.6
v 0.8 0.9 1.6
v 0.8 2.3 1.6
v 0.8 2.4 1.6
v 0.8 2.6 1.6
v 0.8 2.8 1.6
v 0.8 2.9 1.6
v 0.9 2.6 1.6
v 0.9 2.7 1.6
v 1 0.9 1.6
v 1 2.3 1.6
v 1.1 0.6 1.6
v 1.1 0.7 1.6
v 1.1 0.9 1.6
v 1.1 2.3 1.6
v 1.2 0.3 1.6
v 1.2 0.4 1.6
v 1.2 0.6 1.6
v 1.2 0.8 1.6
v 1.2 0.9 1.6
v 1.2 2.3 1.6
v 1.2 2.4 1.6
v 1.2 2.7 1.6
v 1.2 2.8 1.6
v 1.2 2.9 1.6
v 1.3 0.4 1.6
v 1.3 0.8 1.6
v 1.3 2.4 1.6
v 1.3 2.8 1.6
v 1.5 0.1 1.6
v 1.5 3.1 1.6
v 1.6 0 1.6
v 1.6 3.2 1.6
v -1.5 0.1 1.5
v -1.5 2.6 1.5
v -1.5 3.1 1.5
v -1.4 2.6 1.5
v -1.4 3 1.5
v -1.3 0.4 1.5
v -1.3 0.8 1.5
v -1.3 2.4 1.5
v -1.3 2.8 1.5
v -1.2 0.3 1.5
v -1.2 0.4 1.5
v -1.2 0.8 1.5
v -1.2 0.9 1.5
v -1.2 2.3 1.5
v -1.2 2.4 1.5
v -1.2 2.8 1.5
v -1.2 2.9 1.5
v -1.1 0.9 1.5
v -1.1 2.3 1.5
v -1 0.9 1.5
v -1 1 1.5
v -1 2.3 1.5
v -0.8 0.3 1.5
v -0.8 0.4 1.5
v -0.8 0.8 1.5
v -0.8 0.9 1.5
v -0.8 1 1.5
v -0.8 2.3 1.5
v -0.8 2.4 1.5
v -0.8 2.8 1.5
v -0.8 2.9 1.5
v -0.7 0.4 1.5
v -0.7 0.5 1.5
v -0.7 0.6 1.5
v -0.7 0.8 1.5
v -0.7 0.9 1.5
v -0.7 1.4 1.5
v -0.7 1.5 1.5
v -0.7 2 1.5
v -0.7 2.4 1.5
v -0.7 2.6 1.5
v -0.7 2.7 1.5
v -0.7 2.8 1.5
v -0.6 0.7 1.5
v -0.6 0.8 1.5
v -0.6 1.2 1.5
v -0.6 1.4 1.5
v -0.6 1.5 1.5
v -0.6 1.7 1.5
v -0.6 2 1.5
v -0.6 2.1 1.5
v -0.5 1 1.5
v -0.5 1.2 1.5
v -0.5 1.7 1.5
v -0.5 2.1 1.5
v -0.5 2.2 1.5
v -0.4 0.9 1.5
v -0.4 1 1.5
v -0.4 2.2 1.5
v -0.4 2.3 1.5
v -0.3 1.7 1.5
v -0.3 2 1.5
v -0.2 1 1.5
v -0.2 1.3 1.5
v -0.2 1.6 1.5
v -0.2 1.7 1.5
v -0.2 2 1.5
v -0.2 2.1 1.5
v -0.1 1 1.5
v -0.1 1.3 1.5
v -0.1 1.5 1.5
v -0.1 1.6 1.5
v -0.1 2.1 1.5
v -0.1 2.2 1.5
v 0.1 1 1.5
v 0.1 1.3 1.5
v 0.1 1.5 1.5
v 0.1 1.6 1.5
v 0.1 2.1 1.5
v 0.1 2.2 1.5
v 0.2 1 1.5
v 0.2 1.3 1.5
v 0.2 1.6 1.5
v 0.2 1.7 1.5
v 0.2 2 1.5
v 0.2 2.1 1.5
v 0.3 1.7 1.5
v 0.3 2 1.5
v 0.4 0.9 1.5
v 0.4 1 1.5
v 0.4 2.2 1.5
v 0.4 2.3 1.5
v 0.5 1 1.5
v 0.5 1.2 1.5
v 0.5 1.7 1.5
v 0.5 2.1 1.5
v 0.5 2.2 1.5
v 0.6 0.7 1.5
v 0.6 0.8 1.5
v 0.6 1.2 1.5
v 0.6 1.4 1.5
v 0.6 1.5 1.5
v 0.6 1.7 1.5
v 0.6 1.9 1.5
v 0.6 2.1 1.5
v 0.6 2.9 1.5
v 0.6 3 1.5
v 0.7 0.4 1.5
v 0.7 0.5 1.5
v 0.7 0.6 1.5
v 0.7 0.8 1.5
v 0.7 0.9 1.5
v 0.7 1.4 1.5
v 0.7 1.5 1.5
v 0.7 1.9 1.5
v 0.7 2.4 1.5
v 0.7 2.6 1.5
v 0.7 2.7 1.5
v 0.7 2.8 1.5
v 0.8 0.3 1.5
v 0.8 0.4 1.5
v 0.8 0.8 1.5
v 0.8 0.9 1.5
v 0.8 1 1.5
v 0.8 2.3 1.5
v 0.8 2.4 1.5
v 0.8 2.8 1.5
v 0.8 2.9 1.5
v 1 0.9 1.5
v 1 1 1.5
v 1 2.3 1.5
v 1.1 0.9 1.5
v 1.1 2.3 1.5
v 1.2 0.3 1.5
v 1.2 0.4 1.5
v 1.2 0.8 1.5
v 1.2 0.9 1.5
v 1.2 2.3 1.5
v 1.2 2.4 1.5
v 1.2 2.8 1.5
v 1.2 2.9 1.5
v 1.3 0.4 1.5
v 1.3 0.8 1.5
v 1.3 2.4 1.5
v 1.3 2.8 1.5
v 1.3 2.9 1.5
v 1.4 2.6 1.5
v 1.4 2.8 1.5
v 1.5 0.1 1.5
v 1.5 2.6 1.5
v 1.5 3.1 1.5
v -1 0.8 1.4
v -1 0.9 1.4
v -0.8 0.8 1.4
v -0.8 0.9 1.4
v -0.7 1.4 1.4
v -0.7 1.5 1.4
v -0.6 1.2 1.4
v -0.6 1.4 1.4
v -0.6 1.5 1.4
v -0.6 1.7 1.4
v -0.5 1 1.4
v -0.5 1.2 1.4
v -0.5 1.7 1.4
v -0.5 2.1 1.4
v -0.5 2.2 1.4
v -0.4 0.9 1.4
v -0.4 1 1.4
v -0.4 2.2 1.4
v -0.4 2.3 1.4
v -0.3 1.7 1.4
v -0.3 2 1.4
v -0.2 1 1.4
v -0.2 1.3 1.4
v -0.2 1.6 1.4
v -0.2 1.7 1.4
v -0.2 2 1.4
v -0.2 2.1 1.4
v -0.1 1 1.4
v -0.1 1.3 1.4
v -0.1 1.5 1.4
v -0.1 1.6 1.4
v -0.1 2.1 1.4
v -0.1 2.2 1.4
v 0.1 1 1.4
v 0.1 1.3 1.4
v 0.1 1.5 1.4
v 0.1 1.6 1.4
v 0.1 2.1 1.4
v 0.1 2.2 1.4
v 0.2 1 1.4
v 0.2 1.3 1.4
v 0.2 1.6 1.4
v 0.2 1.7 1.4
v 0.2 2 1.4
v 0.2 2.1 1.4
v 0.3 1.7 1.4
v 0.3 2 1.4
v 0.4 0.9 1.4
v 0.4 1 1.4
v 0.4 2.2 1.4
v 0.4 2.3 1.4
v 0.5 1 1.4
v 0.5 1.2 1.4
v 0.5 1.7 1.4
v 0.5 2.1 1.4
v 0.5 2.2 1.4
v 0.6 1.2 1.4
v 0.6 1.4 1.4
v 0.6 1.5 1.4
v 0.6 1.7 1.4
v 0.7 1.4 1.4
v 0.7 1.5 1.4
v 0.8 0.8 1.4
v 0.8 0.9 1.4
v 1 0.8 1.4
v 1 0.9 1.4
v -1.6 0.4 1.3
v -1.6 0.8 1.3
v -1.6 2.4 1.3
v -1.6 2.8 1.3
v -1.5 0.4 1.3
v -1.5 0.8 1.3
v -1.5 2.4 1.3
v -1.5 2.8 1.3
v -0.3 1.7 1.3
v -0.3 2 1.3
v -0.2 1 1.3
v -0.2 1.3 1.3
v -0.2 1.6 1.3
v -0.2 1.7 1.3
v -0.2 2 1.3
v -0.2 2.1 1.3
v -0.1 1 1.3
v -0.1 1.3 1.3
v -0.1 1.5 1.3
v -0.1 1.6 1.3
v -0.1 2.1 1.3
v -0.1 2.2 1.3
v 0.1 1 1.3
v 0.1 1.3 1.3
v 0.1 1.5 1.3
v 0.1 1.6 1.3
v 0.1 2.1 1.3
v 0.1 2.2 1.3
v 0.2 1 1.3
v 0.2 1.3 1.3
v 0.2 1.6 1.3
v 0.2 1.7 1.3
v 0.2 2 1.3
v 0.2 2.1 1.3
v 0.3 1.7 1.3
v 0.3 2 1.3
v 1.5 0.4 1.3
v 1.5 0.8 1.3
v 1.5 2.4 1.3
v 1.5 2.8 1.3
v 1.6 0.4 1.3
v 1.6 0.8 1.3
v 1.6 2.4 1.3
v 1.6 2.8 1.3
v -1.6 0.3 1.2
v -1.6 0.4 1.2
v -1.6 0.8 1.2
v -1.6 0.9 1.2
v -1.6 2.3 1.2
v -1.6 2.4 1.2
v -1.6 2.8 1.2
v -1.6 2.9 1.2
v -1.5 0.3 1.2
v -1.5 0.4 1.2
v -1.5 0.8 1.2
v -1.5 0.9 1.2
v -1.5 2.3 1.2
v -1.5 2.4 1.2
v -1.5 2.8 1.2
v -1.5 2.9 1.2
v -0.1 0.8 1.2
v -0.1 0.9 1.2
v 0.1 0.8 1.2
v 0.1 0.9 1.2
v 1.5 0.3 1.2
v 1.5 0.4 1.2
v 1.5 0.8 1.2
v 1.5 0.9 1.2
v 1.5 2.3 1.2
v 1.5 2.4 1.2
v 1.5 2.8 1.2
v 1.5 2.9 1.2
v 1.6 0.3 1.2
v 1.6 0.4 1.2
v 1.6 0.8 1.2
v 1.6 0.9 1.2
v 1.6 2.3 1.2
v 1.6 2.4 1.2
v 1.6 2.8 1.2
v 1.6 2.9 1.2
v -1.6 0.9 1.1
v -1.6 2.3 1.1
v -1.5 0.9 1.1
v -1.5 2.3 1.1
v 1.5 0.9 1.1
v 1.5 2.3 1.1
v 1.6 0.9 1.1
v 1.6 2.3 1.1
v -1.5 1.9 0.6
v -1.5 2 0.6
v -1.4 1.9 0.6
v -1.4 2 0.6
v -1.5 1.7 0.3
v -1.5 2 0.3
v -1.4 1.7 0.3
v -1.4 2 0.3
v 1.4 1.7 0.3
v 1.4 2 0.3
v 1.5 1.7 0.3
v 1.5 2 0.3
v -1.5 1 0.2
v -1.5 1.3 0.2
v -1.5 1.6 0.2
v -1.5 1.7 0.2
v -1.5 2 0.2
v -1.5 2.1 0.2
v -1.4 1 0.2
v -1.4 1.3 0.2
v -1.4 1.6 0.2
v -1.4 1.7 0.2
v -1.4 2 0.2
v -1.4 2.1 0.2
v 1.4 1 0.2
v 1.4 1.3 0.2
v 1.4 1.6 0.2
v 1.4 1.7 0.2
v 1.4 2 0.2
v 1.4 2.1 0.2
v 1.5 1 0.2
v 1.5 1.3 0.2
v 1.5 1.6 0.2
v 1.5 1.7 0.2
v 1.5 2 0.2
v 1.5 2.1 0.2
v -1.5 1.5 0.1
v -1.5 1.6 0.1
v -1.5 2.1 0.1
v -1.5 2.2 0.1
v -1.4 1 0.1
v -1.4 1.3 0.1
v -1.4 1.5 0.1
v -1.4 1.6 0.1
v -1.4 2.1 0.1
v -1.4 2.2 0.1
v -1.3 1 0.1
v -1.3 1.3 0.1
v 1.3 1 0.1
v 1.3 1.3 0.1
v 1.4 1 0.1
v 1.4 1.3 0.1
v 1.4 1.5 0.1
v 1.4 1.6 0.1
v 1.4 2.1 0.1
v 1.4 2.2 0.1
v 1.5 1.5 0.1
v 1.5 1.6 0.1
v 1.5 2.1 0.1
v 1.5 2.2 0.1
v -1.5 1 -0.1
v -1.5 1.3 -0.1
v -1.4 1 -0.1
v -1.4 1.3 -0.1
v -1.4 1.5 -0.1
v -1.4 1.6 -0.1
v -1.4 2.1 -0.1
v -1.4 2.2 -0.1
v -1.3 1.5 -0.1
v -1.3 1.6 -0.1
v -1.3 2.1 -0.1
v -1.3 2.2 -0.1
v 1.3 1.5 -0.1
v 1.3 1.6 -0.1
v 1.3 2.1 -0.1
v 1.3 2.2 -0.1
v 1.4 1 -0.1
v 1.4 1.3 -0.1
v 1.4 1.5 -0.1
v 1.4 1.6 -0.1
v 1.4 2.1 -0.1
v 1.4 2.2 -0.1
v 1.5 1 -0.1
v 1.5 1.3 -0.1
v -1.4 1 -0.2
v -1.4 1.3 -0.2
v -1.4 1.6 -0.2
v -1.4 1.7 -0.2
v -1.4 2 -0.2
v -1.4 2.1 -0.2
v -1.3 1 -0.2
v -1.3 1.3 -0.2
v -1.3 1.6 -0.2
v -1.3 1.7 -0.2
v -1.3 2 -0.2
v -1.3 2.1 -0.2
v 1.3 1 -0.2
v 1.3 1.3 -0.2
v 1.3 1.6 -0.2
v 1.3 1.7 -0.2
v 1.3 2 -0.2
v 1.3 2.1 -0.2
v 1.4 1 -0.2
v 1.4 1.3 -0.2
v 1.4 1.6 -0.2
v 1.4 1.7 -0.2
v 1.4 2 -0.2
v 1.4 2.1 -0.2
v -1.4 1.7 -0.3
v -1.4 2 -0.3
v -1.3 1.7 -0.3
v -1.3 2 -0.3
v 1.3 1.7 -0.3
v 1.3 2 -0.3
v 1.4 1.7 -0.3
v 1.4 2 -0.3
v -1.5 0.9 -0.4
v -1.5 1 -0.4
v -1.5 2.2 -0.4
v -1.5 2.3 -0.4
v -1.4 0.9 -0.4
v -1.4 1 -0.4
v -1.4 2.2 -0.4
v -1.4 2.3 -0.4
v 1.4 0.9 -0.4
v 1.4 1 -0.4
v 1.4 2.2 -0.4
v 1.4 2.3 -0.4
v 1.5 0.9 -0.4
v 1.5 1 -0.4
v 1.5 2.2 -0.4
v 1.5 2.3 -0.4
v -1.5 1 -0.5
v -1.5 1.2 -0.5
v -1.5 1.7 -0.5
v -1.5 2.1 -0.5
v -1.5 2.2 -0.5
v -1.4 1 -0.5
v -1.4 1.2 -0.5
v -1.4 1.7 -0.5
v -1.4 2.1 -0.5
v -1.4 2.2 -0.5
v 1.4 1 -0.5
v 1.4 1.2 -0.5
v 1.4 1.7 -0.5
v 1.4 2.1 -0.5
v 1.4 2.2 -0.5
v 1.5 1 -0.5
v 1.5 1.2 -0.5
v 1.5 1.7 -0.5
v 1.5 2.1 -0.5
v 1.5 2.2 -0.5
v -1.5 1.2 -0.6
v -1.5 1.4 -0.6
v -1.5 1.5 -0.6
v -1.5 1.7 -0.6
v -1.4 1.2 -0.6
v -1.4 1.4 -0.6
v -1.4 1.5 -0.6
v -1.4 1.7 -0.6
v 1.4 1.2 -0.6
v 1.4 1.4 -0.6
v 1.4 1.5 -0.6
v 1.4 1.7 -0.6
v 1.5 1.2 -0.6
v 1.5 1.4 -0.6
v 1.5 1.5 -0.6
v 1.5 1.7 -0.6
v -1.6 0.4 -0.7
v -1.6 0.5 -0.7
v -1.6 0.6 -0.7
v -1.6 0.8 -0.7
v -1.6 2.4 -0.7
v -1.6 2.6 -0.7
v -1.6 2.7 -0.7
v -1.6 2.8 -0.7
v -1.5 0.4 -0.7
v -1.5 0.5 -0.7
v -1.5 0.6 -0.7
v -1.5 0.8 -0.7
v -1.5 1.4 -0.7
v -1.5 1.5 -0.7
v -1.5 2.4 -0.7
v -1.5 2.6 -0.7
v -1.5 2.7 -0.7
v -1.5 2.8 -0.7
v -1.4 1.4 -0.7
v -1.4 1.5 -0.7
v 1.4 1.4 -0.7
v 1.4 1.5 -0.7
v 1.5 0.4 -0.7
v 1.5 0.5 -0.7
v 1.5 0.6 -0.7
v 1.5 0.8 -0.7
v 1.5 1.4 -0.7
v 1.5 1.5 -0.7
v 1.5 2.4 -0.7
v 1.5 2.6 -0.7
v 1.5 2.7 -0.7
v 1.5 2.8 -0.7
v 1.6 0.4 -0.7
v 1.6 0.5 -0.7
v 1.6 0.6 -0.7
v 1.6 0.8 -0.7
v 1.6 2.4 -0.7
v 1.6 2.6 -0.7
v 1.6 2.7 -0.7
v 1.6 2.8 -0.7
v -1.6 0.3 -0.8
v -1.6 0.4 -0.8
v -1.6 0.8 -0.8
v -1.6 0.9 -0.8
v -1.6 2.3 -0.8
v -1.6 2.4 -0.8
v -1.6 2.8 -0.8
v -1.6 2.9 -0.8
v -1.5 0.3 -0.8
v -1.5 0.4 -0.8
v -1.5 0.8 -0.8
v -1.5 0.9 -0.8
v -1.5 2.3 -0.8
v -1.5 2.4 -0.8
v -1.5 2.8 -0.8
v -1.5 2.9 -0.8
v 1.5 0.3 -0.8
v 1.5 0.4 -0.8
v 1.5 0.8 -0.8
v 1.5 0.9 -0.8
v 1.5 2.3 -0.8
v 1.5 2.4 -0.8
v 1.5 2.8 -0.8
v 1.5 2.9 -0.8
v 1.6 0.3 -0.8
v 1.6 0.4 -0.8
v 1.6 0.8 -0.8
v 1.6 0.9 -0.8
v 1.6 2.3 -0.8
v 1.6 2.4 -0.8
v 1.6 2.8 -0.8
v 1.6 2.9 -0.8
v -1.6 0.9 -1
v -1.6 2.3 -1
v -1.5 0.9 -1
v -1.5 1 -1
v -1.5 2.3 -1
v 1.5 0.9 -1
v 1.5 1 -1
v 1.5 2.3 -1
v 1.6 0.9 -1
v 1.6 2.3 -1
v -0.3 1.7 -1.4
v -0.3 2 -1.4
v -0.2 1 -1.4
v -0.2 1.3 -1.4
v -0.2 1.6 -1.4
v -0.2 1.7 -1.4
v -0.2 2 -1.4
v -0.2 2.1 -1.4
v -0.1 1 -1.4
v -0.1 1.3 -1.4
v -0.1 1.5 -1.4
v -0.1 1.6 -1.4
v -0.1 2.1 -1.4
v -0.1 2.2 -1.4
v 0.1 1 -1.4
v 0.1 1.3 -1.4
v 0.1 1.5 -1.4
v 0.1 1.6 -1.4
v 0.1 2.1 -1.4
v 0.1 2.2 -1.4
v 0.2 1 -1.4
v 0.2 1.3 -1.4
v 0.2 1.6 -1.4
v 0.2 1.7 -1.4
v 0.2 2 -1.4
v 0.2 2.1 -1.4
v 0.3 1.7 -1.4
v 0.3 2 -1.4
v -1.6 0.1 -1.5
v -1.6 3.1 -1.5
v -1.5 0.1 -1.5
v -1.5 2.6 -1.5
v -1.5 3.1 -1.5
v -1 0.8 -1.5
v -1 0.9 -1.5
v -1 2.3 -1.5
v -1 2.4 -1.5
v -1 2.8 -1.5
v -1 2.9 -1.5
v -0.8 0.8 -1.5
v -0.8 0.9 -1.5
v -0.8 2.3 -1.5
v -0.8 2.4 -1.5
v -0.8 2.8 -1.5
v -0.8 2.9 -1.5
v -0.7 2.4 -1.5
v -0.7 2.6 -1.5
v -0.7 2.7 -1.5
v -0.7 2.8 -1.5
v 0.7 2.4 -1.5
v 0.7 2.6 -1.5
v 0.7 2.7 -1.5
v 0.7 2.8 -1.5
v 0.8 0.8 -1.5
v 0.8 0.9 -1.5
v 0.8 2.3 -1.5
v 0.8 2.4 -1.5
v 0.8 2.8 -1.5
v 0.8 2.9 -1.5
v 1 0.8 -1.5
v 1 0.9 -1.5
v 1 2.3 -1.5
v 1 2.4 -1.5
v 1 2.8 -1.5
v 1 2.9 -1.5
v 1.5 0.1 -1.5
v 1.5 2.6 -1.5
v 1.5 3.1 -1.5
v 1.6 0.1 -1.5
v 1.6 3.1 -1.5
v -1.6 0.1 1.5
v -1.6 3.1 1.5
v -1.5 0.1 1.5
v -1.5 2.6 1.5
v -1.5 3.1 1.5
v -1 0.8 1.5
v -1 0.9 1.5
v -0.8 0.8 1.5
v -0.8 0.9 1.5
v 0.8 0.8 1.5
v 0.8 0.9 1.5
v 1 0.8 1.5
v 1 0.9 1.5
v 1.5 0.1 1.5
v 1.5 2.6 1.5
v 1.5 3.1 1.5
v 1.6 0.1 1.5
v 1.6 3.1 1.5
v -0.3 1.7 1.4
v -0.3 2 1.4
v -0.2 1 1.4
v -0.2 1.3 1.4
v -0.2 1.6 1.4
v -0.2 1.7 1.4
v -0.2 2 1.4
v -0.2 2.1 1.4
v -0.1 0.8 1.4
v -0.1 0.9 1.4
v -0.1 1 1.4
v -0.1 1.3 1.4
v -0.1 1.5 1.4
v -0.1 1.6 1.4
v -0.1 2.1 1.4
v -0.1 2.2 1.4
v 0.1 0.8 1.4
v 0.1 0.9 1.4
v 0.1 1 1.4
v 0.1 1.3 1.4
v 0.1 1.5 1.4
v 0.1 1.6 1.4
v 0.1 2.1 1.4
v 0.1 2.2 1.4
v 0.2 1 1.4
v 0.2 1.3 1.4
v 0.2 1.6 1.4
v 0.2 1.7 1.4
v 0.2 2 1.4
v 0.2 2.1 1.4
v 0.3 1.7 1.4
v 0.3 2 1.4
v -1.6 0.9 1
v -1.6 2.3 1
v -1.5 0.9 1
v -1.5 1 1
v -1.5 2.3 1
v 1.5 0.9 1
v 1.5 1 1
v 1.5 2.3 1
v 1.6 0.9 1
v 1.6 2.3 1
v -1.6 0.3 0.8
v -1.6 0.4 0.8
v -1.6 0.8 0.8
v -1.6 0.9 0.8
v -1.6 2.3 0.8
v -1.6 2.4 0.8
v -1.6 2.8 0.8
v -1.6 2.9 0.8
v -1.5 0.3 0.8
v -1.5 0.4 0.8
v -1.5 0.8 0.8
v -1.5 0.9 0.8
v -1.5 2.3 0.8
v -1.5 2.4 0.8
v -1.5 2.8 0.8
v -1.5 2.9 0.8
v 1.5 0.3 0.8
v 1.5 0.4 0.8
v 1.5 0.8 0.8
v 1.5 0.9 0.8
v 1.5 2.3 0.8
v 1.5 2.4 0.8
v 1.5 2.8 0.8
v 1.5 2.9 0.8
v 1.6 0.3 0.8
v 1.6 0.4 0.8
v 1.6 0.8 0.8
v 1.6 0.9 0.8
v 1.6 2.3 0.8
v 1.6 2.4 0.8
v 1.6 2.8 0.8
v 1.6 2.9 0.8
v -1.6 0.4 0.7
v -1.6 0.5 0.7
v -1.6 0.6 0.7
v -1.6 0.8 0.7
v -1.6 2.4 0.7
v -1.6 2.6 0.7
v -1.6 2.7 0.7
v -1.6 2.8 0.7
v -1.5 0.4 0.7
v -1.5 0.5 0.7
v -1.5 0.6 0.7
v -1.5 0.8 0.7
v -1.5 1.4 0.7
v -1.5 1.5 0.7
v -1.5 1.9 0.7
v -1.5 2 0.7
v -1.5 2.4 0.7
v -1.5 2.6 0.7
v -1.5 2.7 0.7
v -1.5 2.8 0.7
v -1.4 1.4 0.7
v -1.4 1.5 0.7
v -1.4 1.9 0.7
v -1.4 2 0.7
v 1.4 1.4 0.7
v 1.4 1.5 0.7
v 1.5 0.4 0.7
v 1.5 0.5 0.7
v 1.5 0.6 0.7
v 1.5 0.8 0.7
v 1.5 1.4 0.7
v 1.5 1.5 0.7
v 1.5 2.4 0.7
v 1.5 2.6 0.7
v 1.5 2.7 0.7
v 1.5 2.8 0.7
v 1.6 0.4 0.7
v 1.6 0.5 0.7
v 1.6 0.6 0.7
v 1.6 0.8 0.7
v 1.6 2.4 0.7
v 1.6 2.6 0.7
v 1.6 2.7 0.7
v 1.6 2.8 0.7
v -1.5 1.2 0.6
v -1.5 1.4 0.6
v -1.5 1.5 0.6
v -1.5 1.7 0.6
v -1.4 1.2 0.6
v -1.4 1.4 0.6
v -1.4 1.5 0.6
v -1.4 1.7 0.6
v 1.4 1.2 0.6
v 1.4 1.4 0.6
v 1.4 1.5 0.6
v 1.4 1.7 0.6
v 1.5 1.2 0.6
v 1.5 1.4 0.6
v 1.5 1.5 0.6
v 1.5 1.7 0.6
v -1.5 1 0.5
v -1.5 1.2 0.5
v -1.5 1.7 0.5
v -1.5 2.1 0.5
v -1.5 2.2 0.5
v -1.4 1 0.5
v -1.4 1.2 0.5
v -1.4 1.7 0.5
v -1.4 2.1 0.5
v -1.4 2.2 0.5
v 1.4 1 0.5
v 1.4 1.2 0.5
v 1.4 1.7 0.5
v 1.4 2.1 0.5
v 1.4 2.2 0.5
v 1.5 1 0.5
v 1.5 1.2 0.5
v 1.5 1.7 0.5
v 1.5 2.1 0.5
v 1.5 2.2 0.5
v -1.5 0.9 0.4
v -1.5 1 0.4
v -1.5 2.2 0.4
v -1.5 2.3 0.4
v -1.4 0.9 0.4
v -1.4 1 0.4
v -1.4 2.2 0.4
v -1.4 2.3 0.4
v 1.4 0.9 0.4
v 1.4 1 0.4
v 1.4 2.2 0.4
v 1.4 2.3 0.4
v 1.5 0.9 0.4
v 1.5 1 0.4
v 1.5 2.2 0.4
v 1.5 2.3 0.4
v -1.4 1.7 0.3
v -1.4 2 0.3
v -1.3 1.7 0.3
v -1.3 2 0.3
v 1.3 1.7 0.3
v 1.3 2 0.3
v 1.4 1.7 0.3
v 1.4 2 0.3
v -1.4 1 0.2
v -1.4 1.3 0.2
v -1.4 1.6 0.2
v -1.4 1.7 0.2
v -1.4 2 0.2
v -1.4 2.1 0.2
v -1.3 1 0.2
v -1.3 1.3 0.2
v -1.3 1.6 0.2
v -1.3 1.7 0.2
v -1.3 2 0.2
v -1.3 2.1 0.2
v 1.3 1 0.2
v 1.3 1.3 0.2
v 1.3 1.6 0.2
v 1.3 1.7 0.2
v 1.3 2 0.2
v 1.3 2.1 0.2
v 1.4 1 0.2
v 1.4 1.3 0.2
v 1.4 1.6 0.2
v 1.4 1.7 0.2
v 1.4 2 0.2
v 1.4 2.1 0.2
v -1.5 1 0.1
v -1.5 1.3 0.1
v -1.4 1 0.1
v -1.4 1.3 0.1
v -1.4 1.5 0.1
v -1.4 1.6 0.1
v -1.4 2.1 0.1
v -1.4 2.2 0.1
v -1.3 1.5 0.1
v -1.3 1.6 0.1
v -1.3 2.1 0.1
v -1.3 2.2 0.1
v 1.3 1.5 0.1
v 1.3 1.6 0.1
v 1.3 2.1 0.1
v 1.3 2.2 0.1
v 1.4 1 0.1
v 1.4 1.3 0.1
v 1.4 1.5 0.1
v 1.4 1.6 0.1
v 1.4 2.1 0.1
v 1.4 2.2 0.1
v 1.5 1 0.1
v 1.5 1.3 0.1
v -1.5 1.5 -0.1
v -1.5 1.6 -0.1
v -1.5 2.1 -0.1
v -1.5 2.2 -0.1
v -1.4 1 -0.1
v -1.4 1.3 -0.1
v -1.4 1.5 -0.1
v -1.4 1.6 -0.1
v -1.4 2.1 -0.1
v -1.4 2.2 -0.1
v -1.3 1 -0.1
v -1.3 1.3 -0.1
v 1.3 1 -0.1
v 1.3 1.3 -0.1
v 1.4 1 -0.1
v 1.4 1.3 -0.1
v 1.4 1.5 -0.1
v 1.4 1.6 -0.1
v 1.4 2.1 -0.1
v 1.4 2.2 -0.1
v 1.5 1.5 -0.1
v 1.5 1.6 -0.1
v 1.5 2.1 -0.1
v 1.5 2.2 -0.1
v -1.5 1 -0.2
v -1.5 1.3 -0.2
v -1.5 1.6 -0.2
v -1.5 1.7 -0.2
v -1.5 2 -0.2
v -1.5 2.1 -0.2
v -1.4 1 -0.2
v -1.4 1.3 -0.2
v -1.4 1.6 -0.2
v -1.4 1.7 -0.2
v -1.4 2 -0.2
v -1.4 2.1 -0.2
v 1.4 1 -0.2
v 1.4 1.3 -0.2
v 1.4 1.6 -0.2
v 1.4 1.7 -0.2
v 1.4 2 -0.2
v 1.4 2.1 -0.2
v 1.5 1 -0.2
v 1.5 1.3 -0.2
v 1.5 1.6 -0.2
v 1.5 1.7 -0.2
v 1.5 2 -0.2
v 1.5 2.1 -0.2
v -1.5 1.7 -0.3
v -1.5 2 -0.3
v -1.4 1.7 -0.3
v -1.4 2 -0.3
v 1.4 1.7 -0.3
v 1.4 2 -0.3
v 1.5 1.7 -0.3
v 1.5 2 -0.3
v -1.6 0.9 -1.1
v -1.6 2.3 -1.1
v -1.5 0.9 -1.1
v -1.5 2.3 -1.1
v 1.5 0.9 -1.1
v 1.5 2.3 -1.1
v 1.6 0.9 -1.1
v 1.6 2.3 -1.1
v -1.6 0.3 -1.2
v -1.6 0.4 -1.2
v -1.6 0.8 -1.2
v -1.6 0.9 -1.2
v -1.6 2.3 -1.2
v -1.6 2.4 -1.2
v -1.6 2.8 -1.2
v -1.6 2.9 -1.2
v -1.5 0.3 -1.2
v -1.5 0.4 -1.2
v -1.5 0.8 -1.2
v -1.5 0.9 -1.2
v -1.5 2.3 -1.2
v -1.5 2.4 -1.2
v -1.5 2.8 -1.2
v -1.5 2.9 -1.2
v 1.5 0.3 -1.2
v 1.5 0.4 -1.2
v 1.5 0.8 -1.2
v 1.5 0.9 -1.2
v 1.5 2.3 -1.2
v 1.5 2.4 -1.2
v 1.5 2.8 -1.2
v 1.5 2.9 -1.2
v 1.6 0.3 -1.2
v 1.6 0.4 -1.2
v 1.6 0.8 -1.2
v 1.6 0.9 -1.2
v 1.6 2.3 -1.2
v 1.6 2.4 -1.2
v 1.6 2.8 -1.2
v 1.6 2.9 -1.2
v -1.6 0.4 -1.3
v -1.6 0.8 -1.3
v -1.6 2.4 -1.3
v -1.6 2.8 -1.3
v -1.5 0.4 -1.3
v -1.5 0.8 -1.3
v -1.5 2.4 -1.3
v -1.5 2.8 -1.3
v -0.3 1.7 -1.3
v -0.3 2 -1.3
v -0.2 1 -1.3
v -0.2 1.3 -1.3
v -0.2 1.6 -1.3
v -0.2 1.7 -1.3
v -0.2 2 -1.3
v -0.2 2.1 -1.3
v -0.1 1 -1.3
v -0.1 1.3 -1.3
v -0.1 1.5 -1.3
v -0.1 1.6 -1.3
v -0.1 2.1 -1.3
v -0.1 2.2 -1.3
v 0.1 1 -1.3
v 0.1 1.3 -1.3
v 0.1 1.5 -1.3
v 0.1 1.6 -1.3
v 0.1 2.1 -1.3
v 0.1 2.2 -1.3
v 0.2 1 -1.3
v 0.2 1.3 -1.3
v 0.2 1.6 -1.3
v 0.2 1.7 -1.3
v 0.2 2 -1.3
v 0.2 2.1 -1.3
v 0.3 1.7 -1.3
v 0.3 2 -1.3
v 1.5 0.4 -1.3
v 1.5 0.8 -1.3
v 1.5 2.4 -1.3
v 1.5 2.8 -1.3
v 1.6 0.4 -1.3
v 1.6 0.8 -1.3
v 1.6 2.4 -1.3
v 1.6 2.8 -1.3
v -1 0.8 -1.4
v -1 0.9 -1.4
v -1 1 -1.4
v -1 2.4 -1.4
v -1 2.8 -1.4
v -1 2.9 -1.4
v -0.8 0.8 -1.4
v -0.8 0.9 -1.4
v -0.8 1 -1.4
v -0.8 2.4 -1.4
v -0.8 2.8 -1.4
v -0.7 0.8 -1.4
v -0.7 0.9 -1.4
v -0.7 1.4 -1.4
v -0.7 1.5 -1.4
v -0.7 1.9 -1.4
v -0.6 0.8 -1.4
v -0.6 1.2 -1.4
v -0.6 1.4 -1.4
v -0.6 1.5 -1.4
v -0.6 1.7 -1.4
v -0.6 1.9 -1.4
v -0.6 2.1 -1.4
v -0.6 2.9 -1.4
v -0.6 3 -1.4
v -0.5 1 -1.4
v -0.5 1.2 -1.4
v -0.5 1.7 -1.4
v -0.5 2.1 -1.4
v -0.5 2.2 -1.4
v -0.4 0.9 -1.4
v -0.4 1 -1.4
v -0.4 2.2 -1.4
v -0.4 2.3 -1.4
v -0.3 1.7 -1.4
v -0.3 2 -1.4
v -0.2 1 -1.4
v -0.2 1.3 -1.4
v -0.2 1.6 -1.4
v -0.2 1.7 -1.4
v -0.2 2 -1.4
v -0.2 2.1 -1.4
v -0.1 1 -1.4
v -0.1 1.3 -1.4
v -0.1 1.5 -1.4
v -0.1 1.6 -1.4
v -0.1 2.1 -1.4
v -0.1 2.2 -1.4
v 0.1 1 -1.4
v 0.1 1.3 -1.4
v 0.1 1.5 -1.4
v 0.1 1.6 -1.4
v 0.1 2.1 -1.4
v 0.1 2.2 -1.4
v 0.2 1 -1.4
v 0.2 1.3 -1.4
v 0.2 1.6 -1.4
v 0.2 1.7 -1.4
v 0.2 2 -1.4
v 0.2 2.1 -1.4
v 0.3 1.7 -1.4
v 0.3 2 -1.4
v 0.4 0.9 -1.4
v 0.4 1 -1.4
v 0.4 2.2 -1.4
v 0.4 2.3 -1.4
v 0.5 1 -1.4
v 0.5 1.2 -1.4
v 0.5 1.7 -1.4
v 0.5 2.1 -1.4
v 0.5 2.2 -1.4
v 0.6 0.8 -1.4
v 0.6 1.2 -1.4
v 0.6 1.4 -1.4
v 0.6 1.5 -1.4
v 0.6 1.7 -1.4
v 0.6 2 -1.4
v 0.6 2.1 -1.4
v 0.7 0.8 -1.4
v 0.7 0.9 -1.4
v 0.7 1.4 -1.4
v 0.7 1.5 -1.4
v 0.7 2 -1.4
v 0.8 0.8 -1.4
v 0.8 0.9 -1.4
v 0.8 1 -1.4
v 0.8 2.4 -1.4
v 0.8 2.8 -1.4
v 1 0.8 -1.4
v 1 0.9 -1.4
v 1 1 -1.4
v 1 2.4 -1.4
v 1 2.8 -1.4
v 1 3 -1.4
v -1.5 0.1 -1.5
v -1.5 2.6 -1.5
v -1.5 3.1 -1.5
v -1.4 2.6 -1.5
v -1.4 2.8 -1.5
v -1.3 0.4 -1.5
v -1.3 0.8 -1.5
v -1.3 2.4 -1.5
v -1.3 2.8 -1.5
v -1.3 2.9 -1.5
v -1.2 0.3 -1.5
v -1.2 0.4 -1.5
v -1.2 0.8 -1.5
v -1.2 0.9 -1.5
v -1.2 2.3 -1.5
v -1.2 2.4 -1.5
v -1.2 2.8 -1.5
v -1.2 2.9 -1.5
v -1.1 0.9 -1.5
v -1.1 2.3 -1.5
v -1 0.9 -1.5
v -1 1 -1.5
v -0.8 0.3 -1.5
v -0.8 0.4 -1.5
v -0.8 0.8 -1.5
v -0.8 0.9 -1.5
v -0.8 1 -1.5
v -0.8 2.9 -1.5
v -0.7 0.4 -1.5
v -0.7 0.5 -1.5
v -0.7 0.6 -1.5
v -0.7 0.8 -1.5
v -0.7 0.9 -1.5
v -0.7 1.5 -1.5
v -0.7 1.9 -1.5
v -0.6 0.7 -1.5
v -0.6 0.8 -1.5
v -0.6 1.5 -1.5
v -0.6 1.7 -1.5
v -0.6 1.9 -1.5
v -0.6 2.1 -1.5
v -0.6 2.9 -1.5
v -0.6 3 -1.5
v -0.5 1.7 -1.5
v -0.5 2.1 -1.5
v -0.3 1.7 -1.5
v -0.3 2 -1.5
v -0.2 1 -1.5
v -0.2 1.3 -1.5
v -0.2 1.6 -1.5
v -0.2 1.7 -1.5
v -0.2 2 -1.5
v -0.2 2.1 -1.5
v -0.1 1 -1.5
v -0.1 1.3 -1.5
v -0.1 1.5 -1.5
v -0.1 1.6 -1.5
v -0.1 2.1 -1.5
v -0.1 2.2 -1.5
v 0.1 1 -1.5
v 0.1 1.3 -1.5
v 0.1 1.5 -1.5
v 0.1 1.6 -1.5
v 0.1 2.1 -1.5
v 0.1 2.2 -1.5
v 0.2 1 -1.5
v 0.2 1.3 -1.5
v 0.2 1.6 -1.5
v 0.2 1.7 -1.5
v 0.2 2 -1.5
v 0.2 2.1 -1.5
v 0.3 1.7 -1.5
v 0.3 2 -1.5
v 0.5 1.7 -1.5
v 0.5 2.1 -1.5
v 0.6 0.7 -1.5
v 0.6 0.8 -1.5
v 0.6 1.5 -1.5
v 0.6 1.7 -1.5
v 0.6 2 -1.5
v 0.6 2.1 -1.5
v 0.7 0.4 -1.5
v 0.7 0.5 -1.5
v 0.7 0.6 -1.5
v 0.7 0.8 -1.5
v 0.7 0.9 -1.5
v 0.7 1.5 -1.5
v 0.7 2 -1.5
v 0.8 0.3 -1.5
v 0.8 0.4 -1.5
v 0.8 0.8 -1.5
v 0.8 0.9 -1.5
v 0.8 1 -1.5
v 1 0.9 -1.5
v 1 1 -1.5
v 1 2.9 -1.5
v 1 3 -1.5
v 1.1 0.9 -1.5
v 1.1 2.3 -1.5
v 1.2 0.3 -1.5
v 1.2 0.4 -1.5
v 1.2 0.8 -1.5
v 1.2 0.9 -1.5
v 1.2 2.3 -1.5
v 1.2 2.4 -1.5
v 1.2 2.8 -1.5
v 1.2 2.9 -1.5
v 1.3 0.4 -1.5
v 1.3 0.8 -1.5
v 1.3 2.4 -1.5
v 1.3 2.8 -1.5
v 1.4 2.6 -1.5
v 1.4 3 -1.5
v 1.5 0.1 -1.5
v 1.5 2.6 -1.5
v 1.5 3.1 -1.5
v -1.6 0 -1.6
v -1.6 3.2 -1.6
v -1.5 0.1 -1.6
v -1.5 3.1 -1.6
v -1.3 0.4 -1.6
v -1.3 0.8 -1.6
v -1.3 2.4 -1.6
v -1.3 2.8 -1.6
v -1.2 0.3 -1.6
v -1.2 0.4 -1.6
v -1.2 0.6 -1.6
v -1.2 0.8 -1.6
v -1.2 0.9 -1.6
v -1.2 2.3 -1.6
v -1.2 2.4 -1.6
v -1.2 2.7 -1.6
v -1.2 2.8 -1.6
v -1.2 2.9 -1.6
v -1.1 0.6 -1.6
v -1.1 0.7 -1.6
v -1.1 0.9 -1.6
v -1.1 2.3 -1.6
v -1 0.9 -1.6
v -1 2.3 -1.6
v -0.9 2.6 -1.6
v -0.9 2.7 -1.6
v -0.8 0.3 -1.6
v -0.8 0.4 -1.6
v -0.8 0.7 -1.6
v -0.8 0.8 -1.6
v -0.8 0.9 -1.6
v -0.8 2.3 -1.6
v -0.8 2.4 -1.6
v -0.8 2.6 -1.6
v -0.8 2.8 -1.6
v -0.8 2.9 -1.6
v -0.7 0.4 -1.6
v -0.7 0.5 -1.6
v -0.7 0.6 -1.6
v -0.7 0.8 -1.6
v -0.7 2.4 -1.6
v -0.7 2.6 -1.6
v -0.7 2.7 -1.6
v -0.7 2.8 -1.6
v 0.7 0.4 -1.6
v 0.7 0.5 -1.6
v 0.7 0.6 -1.6
v 0.7 0.8 -1.6
v 0.7 2.4 -1.6
v 0.7 2.6 -1.6
v 0.7 2.7 -1.6
v 0.7 2.8 -1.6
v 0.8 0.3 -1.6
v 0.8 0.4 -1.6
v 0.8 0.7 -1.6
v 0.8 0.8 -1.6
v 0.8 0.9 -1.6
v 0.8 2.3 -1.6
v 0.8 2.4 -1.6
v 0.8 2.6 -1.6
v 0.8 2.8 -1.6
v 0.8 2.9 -1.6
v 0.9 2.6 -1.6
v 0.9 2.7 -1.6
v 1 0.9 -1.6
v 1 2.3 -1.6
v 1.1 0.6 -1.6
v 1.1 0.7 -1.6
v 1.1 0.9 -1.6
v 1.1 2.3 -1.6
v 1.2 0.3 -1.6
v 1.2 0.4 -1.6
v 1.2 0.6 -1.6
v 1.2 0.8 -1.6
v 1.2 0.9 -1.6
v 1.2 2.3 -1.6
v 1.2 2.4 -1.6
v 1.2 2.7 -1.6
v 1.2 2.8 -1.6
v 1.2 2.9 -1.6
v 1.3 0.4 -1.6
v 1.3 0.8 -1.6
v 1.3 2.4 -1.6
v 1.3 2.8 -1.6
v 1.5 0.1 -1.6
v 1.5 3.1 -1.6
v 1.6 0 -1.6
v 1.6 3.2 -1.6
v -1.6 0 1.6
v 1.6 0 1.6
v -1.5 0 1.5
v 1.5 0 1.5
v -1.5 0 -1.5
v 1.5 0 -1.5
v -1.6 0 -1.6
v 1.6 0 -1.6
v -1.2 0.3 1.6
v -0.8 0.3 1.6
v 0.8 0.3 1.6
v 1.2 0.3 1.6
v -1.2 0.3 1.5
v -0.8 0.3 1.5
v 0.8 0.3 1.5
v 1.2 0.3 1.5
v -1.6 0.3 1.2
v -1.5 0.3 1.2
v 1.5 0.3 1.2
v 1.6 0.3 1.2
v -1.6 0.3 0.8
v -1.5 0.3 0.8
v 1.5 0.3 0.8
v 1.6 0.3 0.8
v -1.6 0.3 -0.8
v -1.5 0.3 -0.8
v 1.5 0.3 -0.8
v 1.6 0.3 -0.8
v -1.6 0.3 -1.2
v -1.5 0.3 -1.2
v 1.5 0.3 -1.2
v 1.6 0.3 -1.2
v -1.2 0.3 -1.5
v -0.8 0.3 -1.5
v 0.8 0.3 -1.5
v 1.2 0.3 -1.5
v -1.2 0.3 -1.6
v -0.8 0.3 -1.6
v 0.8 0.3 -1.6
v 1.2 0.3 -1.6
v -1.3 0.4 1.6
v -1.2 0.4 1.6
v -0.8 0.4 1.6
v -0.7 0.4 1.6
v 0.7 0.4 1.6
v 0.8 0.4 1.6
v 1.2 0.4 1.6
v 1.3 0.4 1.6
v -1.3 0.4 1.5
v -1.2 0.4 1.5
v -0.8 0.4 1.5
v -0.7 0.4 1.5
v 0.7 0.4 1.5
v 0.8 0.4 1.5
v 1.2 0.4 1.5
v 1.3 0.4 1.5
v -1.6 0.4 1.3
v -1.5 0.4 1.3
v 1.5 0.4 1.3
v 1.6 0.4 1.3
v -1.6 0.4 1.2
v -1.5 0.4 1.2
v 1.5 0.4 1.2
v 1.6 0.4 1.2
v -1.6 0.4 0.8
v -1.5 0.4 0.8
v 1.5 0.4 0.8
v 1.6 0.4 0.8
v -1.6 0.4 0.7
v -1.5 0.4 0.7
v 1.5 0.4 0.7
v 1.6 0.4 0.7
v -1.6 0.4 -0.7
v -1.5 0.4 -0.7
v 1.5 0.4 -0.7
v 1.6 0.4 -0.7
v -1.6 0.4 -0.8
v -1.5 0.4 -0.8
v 1.5 0.4 -0.8
v 1.6 0.4 -0.8
v -1.6 0.4 -1.2
v -1.5 0.4 -1.2
v 1.5 0.4 -1.2
v 1.6 0.4 -1.2
v -1.6 0.4 -1.3
v -1.5 0.4 -1.3
v 1.5 0.4 -1.3
v 1.6 0.4 -1.3
v -1.3 0.4 -1.5
v -1.2 0.4 -1.5
v -0.8 0.4 -1.5
v -0.7 0.4 -1.5
v 0.7 0.4 -1.5
v 0.8 0.4 -1.5
v 1.2 0.4 -1.5
v 1.3 0.4 -1.5
v -1.3 0.4 -1.6
v -1.2 0.4 -1.6
v -0.8 0.4 -1.6
v -0.7 0.4 -1.6
v 0.7 0.4 -1.6
v 0.8 0.4 -1.6
v 1.2 0.4 -1.6
v 1.3 0.4 -1.6
v -0.7 0.5 1.6
v 0.7 0.5 1.6
v -0.7 0.5 1.5
v 0.7 0.5 1.5
v -1.6 0.5 0.7
v -1.5 0.5 0.7
v 1.5 0.5 0.7
v 1.6 0.5 0.7
v -1.6 0.5 -0.7
v -1.5 0.5 -0.7
v 1.5 0.5 -0.7
v 1.6 0.5 -0.7
v -0.7 0.5 -1.5
v 0.7 0.5 -1.5
v -0.7 0.5 -1.6
v 0.7 0.5 -1.6
v -1 0.9 1.5
v -0.8 0.9 1.5
v 0.8 0.9 1.5
v 1 0.9 1.5
v -1 0.9 1.4
v -0.8 0.9 1.4
v -0.1 0.9 1.4
v 0.1 0.9 1.4
v 0.8 0.9 1.4
v 1 0.9 1.4
v -0.1 0.9 1.3
v 0.1 0.9 1.3
v -0.1 0.9 1.2
v 0.1 0.9 1.2
v -1 0.9 -1.4
v -0.8 0.9 -1.4
v 0.8 0.9 -1.4
v 1 0.9 -1.4
v -1 0.9 -1.5
v -0.8 0.9 -1.5
v 0.8 0.9 -1.5
v 1 0.9 -1.5
v -0.2 1 1.5
v -0.1 1 1.5
v 0.1 1 1.5
v 0.2 1 1.5
v -0.2 1 1.4
v -0.1 1 1.4
v 0.1 1 1.4
v 0.2 1 1.4
v -1.5 1 0.2
v -1.4 1 0.2
v 1.4 1 0.2
v 1.5 1 0.2
v -1.5 1 0.1
v -1.4 1 0.1
v 1.4 1 0.1
v 1.5 1 0.1
v -1.5 1 -0.1
v -1.4 1 -0.1
v 1.4 1 -0.1
v 1.5 1 -0.1
v -1.5 1 -0.2
v -1.4 1 -0.2
v 1.4 1 -0.2
v 1.5 1 -0.2
v -0.2 1 -1.4
v -0.1 1 -1.4
v 0.1 1 -1.4
v 0.2 1 -1.4
v -0.2 1 -1.5
v -0.1 1 -1.5
v 0.1 1 -1.5
v 0.2 1 -1.5
v -0.2 1.3 1.4
v -0.1 1.3 1.4
v 0.1 1.3 1.4
v 0.2 1.3 1.4
v -0.2 1.3 1.3
v -0.1 1.3 1.3
v 0.1 1.3 1.3
v 0.2 1.3 1.3
v -1.4 1.3 0.2
v -1.3 1.3 0.2
v 1.3 1.3 0.2
v 1.4 1.3 0.2
v -1.4 1.3 0.1
v -1.3 1.3 0.1
v 1.3 1.3 0.1
v 1.4 1.3 0.1
v -1.4 1.3 -0.1
v -1.3 1.3 -0.1
v 1.3 1.3 -0.1
v 1.4 1.3 -0.1
v -1.4 1.3 -0.2
v -1.3 1.3 -0.2
v 1.3 1.3 -0.2
v 1.4 1.3 -0.2
v -0.2 1.3 -1.3
v -0.1 1.3 -1.3
v 0.1 1.3 -1.3
v 0.2 1.3 -1.3
v -0.2 1.3 -1.4
v -0.1 1.3 -1.4
v 0.1 1.3 -1.4
v 0.2 1.3 -1.4
v -0.7 1.5 1.5
v -0.6 1.5 1.5
v -0.1 1.5 1.5
v 0.1 1.5 1.5
v 0.6 1.5 1.5
v 0.7 1.5 1.5
v -0.7 1.5 1.4
v -0.6 1.5 1.4
v -0.1 1.5 1.4
v 0.1 1.5 1.4
v 0.6 1.5 1.4
v 0.7 1.5 1.4
v -1.5 1.5 0.7
v -1.4 1.5 0.7
v 1.4 1.5 0.7
v 1.5 1.5 0.7
v -1.5 1.5 0.6
v -1.4 1.5 0.6
v 1.4 1.5 0.6
v 1.5 1.5 0.6
v -1.5 1.5 0.1
v -1.4 1.5 0.1
v 1.4 1.5 0.1
v 1.5 1.5 0.1
v -1.5 1.5 -0.1
v -1.4 1.5 -0.1
v 1.4 1.5 -0.1
v 1.5 1.5 -0.1
v -1.5 1.5 -0.6
v -1.4 1.5 -0.6
v 1.4 1.5 -0.6
v 1.5 1.5 -0.6
v -1.5 1.5 -0.7
v -1.4 1.5 -0.7
v 1.4 1.5 -0.7
v 1.5 1.5 -0.7
v -0.7 1.5 -1.4
v -0.6 1.5 -1.4
v -0.1 1.5 -1.4
v 0.1 1.5 -1.4
v 0.6 1.5 -1.4
v 0.7 1.5 -1.4
v -0.7 1.5 -1.5
v -0.6 1.5 -1.5
v -0.1 1.5 -1.5
v 0.1 1.5 -1.5
v 0.6 1.5 -1.5
v 0.7 1.5 -1.5
v -0.2 1.6 1.5
v -0.1 1.6 1.5
v 0.1 1.6 1.5
v 0.2 1.6 1.5
v -0.2 1.6 1.4
v -0.1 1.6 1.4
v 0.1 1.6 1.4
v 0.2 1.6 1.4
v -1.5 1.6 0.2
v -1.4 1.6 0.2
v 1.4 1.6 0.2
v 1.5 1.6 0.2
v -1.5 1.6 0.1
v -1.4 1.6 0.1
v 1.4 1.6 0.1
v 1.5 1.6 0.1
v -1.5 1.6 -0.1
v -1.4 1.6 -0.1
v 1.4 1.6 -0.1
v 1.5 1.6 -0.1
v -1.5 1.6 -0.2
v -1.4 1.6 -0.2
v 1.4 1.6 -0.2
v 1.5 1.6 -0.2
v -0.2 1.6 -1.4
v -0.1 1.6 -1.4
v 0.1 1.6 -1.4
v 0.2 1.6 -1.4
v -0.2 1.6 -1.5
v -0.1 1.6 -1.5
v 0.1 1.6 -1.5
v 0.2 1.6 -1.5
v -0.6 1.7 1.5
v -0.5 1.7 1.5
v -0.3 1.7 1.5
v -0.2 1.7 1.5
v 0.2 1.7 1.5
v 0.3 1.7 1.5
v 0.5 1.7 1.5
v 0.6 1.7 1.5
v -0.6 1.7 1.4
v -0.5 1.7 1.4
v -0.3 1.7 1.4
v -0.2 1.7 1.4
v 0.2 1.7 1.4
v 0.3 1.7 1.4
v 0.5 1.7 1.4
v 0.6 1.7 1.4
v -1.5 1.7 0.6
v -1.4 1.7 0.6
v 1.4 1.7 0.6
v 1.5 1.7 0.6
v -1.5 1.7 0.5
v -1.4 1.7 0.5
v 1.4 1.7 0.5
v 1.5 1.7 0.5
v -1.5 1.7 0.3
v -1.4 1.7 0.3
v 1.4 1.7 0.3
v 1.5 1.7 0.3
v -1.5 1.7 0.2
v -1.4 1.7 0.2
v 1.4 1.7 0.2
v 1.5 1.7 0.2
v -1.5 1.7 -0.2
v -1.4 1.7 -0.2
v 1.4 1.7 -0.2
v 1.5 1.7 -0.2
v -1.5 1.7 -0.3
v -1.4 1.7 -0.3
v 1.4 1.7 -0.3
v 1.5 1.7 -0.3
v -1.5 1.7 -0.5
v -1.4 1.7 -0.5
v 1.4 1.7 -0.5
v 1.5 1.7 -0.5
v -1.5 1.7 -0.6
v -1.4 1.7 -0.6
v 1.4 1.7 -0.6
v 1.5 1.7 -0.6
v -0.6 1.7 -1.4
v -0.5 1.7 -1.4
v -0.3 1.7 -1.4
v -0.2 1.7 -1.4
v 0.2 1.7 -1.4
v 0.3 1.7 -1.4
v 0.5 1.7 -1.4
v 0.6 1.7 -1.4
v -0.6 1.7 -1.5
v -0.5 1.7 -1.5
v -0.3 1.7 -1.5
v -0.2 1.7 -1.5
v 0.2 1.7 -1.5
v 0.3 1.7 -1.5
v 0.5 1.7 -1.5
v 0.6 1.7 -1.5
v -0.3 2 1.4
v -0.2 2 1.4
v 0.2 2 1.4
v 0.3 2 1.4
v -0.3 2 1.3
v -0.2 2 1.3
v 0.2 2 1.3
v 0.3 2 1.3
v -1.5 2 0.7
v -1.4 2 0.7
v -1.5 2 0.6
v -1.4 2 0.6
v -1.4 2 0.3
v -1.3 2 0.3
v 1.3 2 0.3
v 1.4 2 0.3
v -1.4 2 0.2
v -1.3 2 0.2
v 1.3 2 0.2
v 1.4 2 0.2
v -1.4 2 -0.2
v -1.3 2 -0.2
v 1.3 2 -0.2
v 1.4 2 -0.2
v -1.4 2 -0.3
v -1.3 2 -0.3
v 1.3 2 -0.3
v 1.4 2 -0.3
v -0.3 2 -1.3
v -0.2 2 -1.3
v 0.2 2 -1.3
v 0.3 2 -1.3
v -0.3 2 -1.4
v -0.2 2 -1.4
v 0.2 2 -1.4
v 0.3 2 -1.4
v -0.2 2.1 1.4
v -0.1 2.1 1.4
v 0.1 2.1 1.4
v 0.2 2.1 1.4
v -0.2 2.1 1.3
v -0.1 2.1 1.3
v 0.1 2.1 1.3
v 0.2 2.1 1.3
v -1.4 2.1 0.2
v -1.3 2.1 0.2
v 1.3 2.1 0.2
v 1.4 2.1 0.2
v -1.4 2.1 0.1
v -1.3 2.1 0.1
v 1.3 2.1 0.1
v 1.4 2.1 0.1
v -1.4 2.1 -0.1
v -1.3 2.1 -0.1
v 1.3 2.1 -0.1
v 1.4 2.1 -0.1
v -1.4 2.1 -0.2
v -1.3 2.1 -0.2
v 1.3 2.1 -0.2
v 1.4 2.1 -0.2
v -0.2 2.1 -1.3
v -0.1 2.1 -1.3
v 0.1 2.1 -1.3
v 0.2 2.1 -1.3
v -0.2 2.1 -1.4
v -0.1 2.1 -1.4
v 0.1 2.1 -1.4
v 0.2 2.1 -1.4
v -0.5 2.2 1.5
v -0.4 2.2 1.5
v 0.4 2.2 1.5
v 0.5 2.2 1.5
v -0.5 2.2 1.4
v -0.4 2.2 1.4
v -0.1 2.2 1.4
v 0.1 2.2 1.4
v 0.4 2.2 1.4
v 0.5 2.2 1.4
v -0.1 2.2 1.3
v 0.1 2.2 1.3
v -1.5 2.2 0.5
v -1.4 2.2 0.5
v 1.4 2.2 0.5
v 1.5 2.2 0.5
v -1.5 2.2 0.4
v -1.4 2.2 0.4
v 1.4 2.2 0.4
v 1.5 2.2 0.4
v -1.4 2.2 0.1
v -1.3 2.2 0.1
v 1.3 2.2 0.1
v 1.4 2.2 0.1
v -1.4 2.2 -0.1
v -1.3 2.2 -0.1
v 1.3 2.2 -0.1
v 1.4 2.2 -0.1
v -1.5 2.2 -0.4
v -1.4 2.2 -0.4
v 1.4 2.2 -0.4
v 1.5 2.2 -0.4
v -1.5 2.2 -0.5
v -1.4 2.2 -0.5
v 1.4 2.2 -0.5
v 1.5 2.2 -0.5
v -0.1 2.2 -1.3
v 0.1 2.2 -1.3
v -0.1 2.2 -1.4
v 0.1 2.2 -1.4
v -1.2 2.3 1.6
v -1.1 2.3 1.6
v -1 2.3 1.6
v -0.8 2.3 1.6
v 0.8 2.3 1.6
v 1 2.3 1.6
v 1.1 2.3 1.6
v 1.2 2.3 1.6
v -1.2 2.3 1.5
v -1.1 2.3 1.5
v -1 2.3 1.5
v -0.8 2.3 1.5
v -0.4 2.3 1.5
v 0.4 2.3 1.5
v 0.8 2.3 1.5
v 1 2.3 1.5
v 1.1 2.3 1.5
v 1.2 2.3 1.5
v -0.4 2.3 1.4
v 0.4 2.3 1.4
v -1.6 2.3 1.2
v -1.5 2.3 1.2
v 1.5 2.3 1.2
v 1.6 2.3 1.2
v -1.6 2.3 1.1
v -1.5 2.3 1.1
v 1.5 2.3 1.1
v 1.6 2.3 1.1
v -1.6 2.3 1
v -1.5 2.3 1
v 1.5 2.3 1
v 1.6 2.3 1
v -1.6 2.3 0.8
v -1.5 2.3 0.8
v 1.5 2.3 0.8
v 1.6 2.3 0.8
v -1.5 2.3 0.4
v -1.4 2.3 0.4
v 1.4 2.3 0.4
v 1.5 2.3 0.4
v -1.5 2.3 -0.4
v -1.4 2.3 -0.4
v 1.4 2.3 -0.4
v 1.5 2.3 -0.4
v -1.6 2.3 -0.8
v -1.5 2.3 -0.8
v 1.5 2.3 -0.8
v 1.6 2.3 -0.8
v -1.6 2.3 -1
v -1.5 2.3 -1
v 1.5 2.3 -1
v 1.6 2.3 -1
v -1.6 2.3 -1.1
v -1.5 2.3 -1.1
v 1.5 2.3 -1.1
v 1.6 2.3 -1.1
v -1.6 2.3 -1.2
v -1.5 2.3 -1.2
v 1.5 2.3 -1.2
v 1.6 2.3 -1.2
v -1.2 2.3 -1.5
v -1.1 2.3 -1.5
v -1 2.3 -1.5
v -0.8 2.3 -1.5
v 0.8 2.3 -1.5
v 1 2.3 -1.5
v 1.1 2.3 -1.5
v 1.2 2.3 -1.5
v -1.2 2.3 -1.6
v -1.1 2.3 -1.6
v -1 2.3 -1.6
v -0.8 2.3 -1.6
v 0.8 2.3 -1.6
v 1 2.3 -1.6
v 1.1 2.3 -1.6
v 1.2 2.3 -1.6
v -1.3 2.4 1.6
v -1.2 2.4 1.6
v -0.8 2.4 1.6
v -0.7 2.4 1.6
v 0.7 2.4 1.6
v 0.8 2.4 1.6
v 1.2 2.4 1.6
v 1.3 2.4 1.6
v -1.3 2.4 1.5
v -1.2 2.4 1.5
v -0.8 2.4 1.5
v -0.7 2.4 1.5
v 0.7 2.4 1.5
v 0.8 2.4 1.5
v 1.2 2.4 1.5
v 1.3 2.4 1.5
v -1.6 2.4 1.3
v -1.5 2.4 1.3
v 1.5 2.4 1.3
v 1.6 2.4 1.3
v -1.6 2.4 1.2
v -1.5 2.4 1.2
v 1.5 2.4 1.2
v 1.6 2.4 1.2
v -1.6 2.4 0.8
v -1.5 2.4 0.8
v 1.5 2.4 0.8
v 1.6 2.4 0.8
v -1.6 2.4 0.7
v -1.5 2.4 0.7
v 1.5 2.4 0.7
v 1.6 2.4 0.7
v -1.6 2.4 -0.7
v -1.5 2.4 -0.7
v 1.5 2.4 -0.7
v 1.6 2.4 -0.7
v -1.6 2.4 -0.8
v -1.5 2.4 -0.8
v 1.5 2.4 -0.8
v 1.6 2.4 -0.8
v -1.6 2.4 -1.2
v -1.5 2.4 -1.2
v 1.5 2.4 -1.2
v 1.6 2.4 -1.2
v -1.6 2.4 -1.3
v -1.5 2.4 -1.3
v 1.5 2.4 -1.3
v 1.6 2.4 -1.3
v -1 2.4 -1.4
v -0.8 2.4 -1.4
v 0.8 2.4 -1.4
v 1 2.4 -1.4
v -1.3 2.4 -1.5
v -1.2 2.4 -1.5
v -1 2.4 -1.5
v -0.8 2.4 -1.5
v -0.7 2.4 -1.5
v 0.7 2.4 -1.5
v 0.8 2.4 -1.5
v 1 2.4 -1.5
v 1.2 2.4 -1.5
v 1.3 2.4 -1.5
v -1.3 2.4 -1.6
v -1.2 2.4 -1.6
v -0.8 2.4 -1.6
v -0.7 2.4 -1.6
v 0.7 2.4 -1.6
v 0.8 2.4 -1.6
v 1.2 2.4 -1.6
v 1.3 2.4 -1.6
v -0.7 2.6 1.6
v 0.7 2.6 1.6
v -0.7 2.6 1.5
v 0.7 2.6 1.5
v -1.6 2.6 0.7
v -1.5 2.6 0.7
v 1.5 2.6 0.7
v 1.6 2.6 0.7
v -1.6 2.6 -0.7
v -1.5 2.6 -0.7
v 1.5 2.6 -0.7
v 1.6 2.6 -0.7
v -0.7 2.6 -1.5
v 0.7 2.6 -1.5
v -0.7 2.6 -1.6
v 0.7 2.6 -1.6
v -1 2.9 -1.4
v -0.6 2.9 -1.4
v -1 2.9 -1.5
v -0.8 2.9 -1.5
v -0.6 2.9 -1.5
v -0.6 3 -1.4
v 1 3 -1.4
v -0.6 3 -1.5
v 1 3 -1.5
v -1.5 3.1 1.6
v 1.5 3.1 1.6
v -1.6 3.1 1.5
v -1.5 3.1 1.5
v 1.5 3.1 1.5
v 1.6 3.1 1.5
v -1.6 3.1 -1.5
v -1.5 3.1 -1.5
v 1.5 3.1 -1.5
v 1.6 3.1 -1.5
v -1.5 3.1 -1.6
v 1.5 3.1 -1.6
v -1.5 0.1 1.6
v 1.5 0.1 1.6
v -1.6 0.1 1.5
v -1.5 0.1 1.5
v 1.5 0.1 1.5
v 1.6 0.1 1.5
v -1.6 0.1 -1.5
v -1.5 0.1 -1.5
v 1.5 0.1 -1.5
v 1.6 0.1 -1.5
v -1.5 0.1 -1.6
v 1.5 0.1 -1.6
v -0.7 0.6 1.6
v 0.7 0.6 1.6
v -0.7 0.6 1.5
v 0.7 0.6 1.5
v -1.6 0.6 0.7
v -1.5 0.6 0.7
v 1.5 0.6 0.7
v 1.6 0.6 0.7
v -1.6 0.6 -0.7
v -1.5 0.6 -0.7
v 1.5 0.6 -0.7
v 1.6 0.6 -0.7
v -0.7 0.6 -1.5
v 0.7 0.6 -1.5
v -0.7 0.6 -1.6
v 0.7 0.6 -1.6
v -1.3 0.8 1.6
v -1.2 0.8 1.6
v -0.8 0.8 1.6
v -0.7 0.8 1.6
v 0.7 0.8 1.6
v 0.8 0.8 1.6
v 1.2 0.8 1.6
v 1.3 0.8 1.6
v -1.3 0.8 1.5
v -1.2 0.8 1.5
v -1 0.8 1.5
v -0.8 0.8 1.5
v -0.7 0.8 1.5
v 0.7 0.8 1.5
v 0.8 0.8 1.5
v 1 0.8 1.5
v 1.2 0.8 1.5
v 1.3 0.8 1.5
v -1 0.8 1.4
v -0.8 0.8 1.4
v -0.1 0.8 1.4
v 0.1 0.8 1.4
v 0.8 0.8 1.4
v 1 0.8 1.4
v -1.6 0.8 1.3
v -1.5 0.8 1.3
v 1.5 0.8 1.3
v 1.6 0.8 1.3
v -1.6 0.8 1.2
v -1.5 0.8 1.2
v -0.1 0.8 1.2
v 0.1 0.8 1.2
v 1.5 0.8 1.2
v 1.6 0.8 1.2
v -1.6 0.8 0.8
v -1.5 0.8 0.8
v 1.5 0.8 0.8
v 1.6 0.8 0.8
v -1.6 0.8 0.7
v -1.5 0.8 0.7
v 1.5 0.8 0.7
v 1.6 0.8 0.7
v -1.6 0.8 -0.7
v -1.5 0.8 -0.7
v 1.5 0.8 -0.7
v 1.6 0.8 -0.7
v -1.6 0.8 -0.8
v -1.5 0.8 -0.8
v 1.5 0.8 -0.8
v 1.6 0.8 -0.8
v -1.6 0.8 -1.2
v -1.5 0.8 -1.2
v 1.5 0.8 -1.2
v 1.6 0.8 -1.2
v -1.6 0.8 -1.3
v -1.5 0.8 -1.3
v 1.5 0.8 -1.3
v 1.6 0.8 -1.3
v -1 0.8 -1.4
v -0.8 0.8 -1.4
v -0.7 0.8 -1.4
v -0.6 0.8 -1.4
v 0.6 0.8 -1.4
v 0.7 0.8 -1.4
v 0.8 0.8 -1.4
v 1 0.8 -1.4
v -1.3 0.8 -1.5
v -1.2 0.8 -1.5
v -1 0.8 -1.5
v -0.8 0.8 -1.5
v -0.7 0.8 -1.5
v -0.6 0.8 -1.5
v 0.6 0.8 -1.5
v 0.7 0.8 -1.5
v 0.8 0.8 -1.5
v 1 0.8 -1.5
v 1.2 0.8 -1.5
v 1.3 0.8 -1.5
v -1.3 0.8 -1.6
v -1.2 0.8 -1.6
v -0.8 0.8 -1.6
v -0.7 0.8 -1.6
v 0.7 0.8 -1.6
v 0.8 0.8 -1.6
v 1.2 0.8 -1.6
v 1.3 0.8 -1.6
v -1.2 0.9 1.6
v -1.1 0.9 1.6
v -1 0.9 1.6
v -0.8 0.9 1.6
v 0.8 0.9 1.6
v 1 0.9 1.6
v 1.1 0.9 1.6
v 1.2 0.9 1.6
v -1.2 0.9 1.5
v -1.1 0.9 1.5
v -1 0.9 1.5
v -0.8 0.9 1.5
v -0.4 0.9 1.5
v 0.4 0.9 1.5
v 0.8 0.9 1.5
v 1 0.9 1.5
v 1.1 0.9 1.5
v 1.2 0.9 1.5
v -0.4 0.9 1.4
v 0.4 0.9 1.4
v -1.6 0.9 1.2
v -1.5 0.9 1.2
v 1.5 0.9 1.2
v 1.6 0.9 1.2
v -1.6 0.9 1.1
v -1.5 0.9 1.1
v 1.5 0.9 1.1
v 1.6 0.9 1.1
v -1.6 0.9 1
v -1.5 0.9 1
v 1.5 0.9 1
v 1.6 0.9 1
v -1.6 0.9 0.8
v -1.5 0.9 0.8
v 1.5 0.9 0.8
v 1.6 0.9 0.8
v -1.5 0.9 0.4
v -1.4 0.9 0.4
v 1.4 0.9 0.4
v 1.5 0.9 0.4
v -1.5 0.9 -0.4
v -1.4 0.9 -0.4
v 1.4 0.9 -0.4
v 1.5 0.9 -0.4
v -1.6 0.9 -0.8
v -1.5 0.9 -0.8
v 1.5 0.9 -0.8
v 1.6 0.9 -0.8
v -1.6 0.9 -1
v -1.5 0.9 -1
v 1.5 0.9 -1
v 1.6 0.9 -1
v -1.6 0.9 -1.1
v -1.5 0.9 -1.1
v 1.5 0.9 -1.1
v 1.6 0.9 -1.1
v -1.6 0.9 -1.2
v -1.5 0.9 -1.2
v 1.5 0.9 -1.2
v 1.6 0.9 -1.2
v -0.8 0.9 -1.4
v -0.7 0.9 -1.4
v 0.7 0.9 -1.4
v 0.8 0.9 -1.4
v -1.2 0.9 -1.5
v -1.1 0.9 -1.5
v -1 0.9 -1.5
v -0.8 0.9 -1.5
v -0.7 0.9 -1.5
v 0.7 0.9 -1.5
v 0.8 0.9 -1.5
v 1 0.9 -1.5
v 1.1 0.9 -1.5
v 1.2 0.9 -1.5
v -1.2 0.9 -1.6
v -1.1 0.9 -1.6
v -1 0.9 -1.6
v -0.8 0.9 -1.6
v 0.8 0.9 -1.6
v 1 0.9 -1.6
v 1.1 0.9 -1.6
v 1.2 0.9 -1.6
v -0.5 1 1.5
v -0.4 1 1.5
v 0.4 1 1.5
v 0.5 1 1.5
v -0.5 1 1.4
v -0.4 1 1.4
v -0.2 1 1.4
v -0.1 1 1.4
v 0.1 1 1.4
v 0.2 1 1.4
v 0.4 1 1.4
v 0.5 1 1.4
v -0.2 1 1.3
v -0.1 1 1.3
v 0.1 1 1.3
v 0.2 1 1.3
v -1.5 1 0.5
v -1.4 1 0.5
v 1.4 1 0.5
v 1.5 1 0.5
v -1.5 1 0.4
v -1.4 1 0.4
v 1.4 1 0.4
v 1.5 1 0.4
v -1.4 1 0.2
v -1.3 1 0.2
v 1.3 1 0.2
v 1.4 1 0.2
v -1.4 1 0.1
v -1.3 1 0.1
v 1.3 1 0.1
v 1.4 1 0.1
v -1.4 1 -0.1
v -1.3 1 -0.1
v 1.3 1 -0.1
v 1.4 1 -0.1
v -1.4 1 -0.2
v -1.3 1 -0.2
v 1.3 1 -0.2
v 1.4 1 -0.2
v -1.5 1 -0.4
v -1.4 1 -0.4
v 1.4 1 -0.4
v 1.5 1 -0.4
v -1.5 1 -0.5
v -1.4 1 -0.5
v 1.4 1 -0.5
v 1.5 1 -0.5
v -0.2 1 -1.3
v -0.1 1 -1.3
v 0.1 1 -1.3
v 0.2 1 -1.3
v -1 1 -1.4
v -0.8 1 -1.4
v -0.2 1 -1.4
v -0.1 1 -1.4
v 0.1 1 -1.4
v 0.2 1 -1.4
v 0.8 1 -1.4
v 1 1 -1.4
v -1 1 -1.5
v -0.8 1 -1.5
v 0.8 1 -1.5
v 1 1 -1.5
v -0.6 1.2 1.5
v -0.5 1.2 1.5
v 0.5 1.2 1.5
v 0.6 1.2 1.5
v -0.6 1.2 1.4
v -0.5 1.2 1.4
v 0.5 1.2 1.4
v 0.6 1.2 1.4
v -1.5 1.2 0.6
v -1.4 1.2 0.6
v 1.4 1.2 0.6
v 1.5 1.2 0.6
v -1.5 1.2 0.5
v -1.4 1.2 0.5
v 1.4 1.2 0.5
v 1.5 1.2 0.5
v -1.5 1.2 -0.5
v -1.4 1.2 -0.5
v 1.4 1.2 -0.5
v 1.5 1.2 -0.5
v -1.5 1.2 -0.6
v -1.4 1.2 -0.6
v 1.4 1.2 -0.6
v 1.5 1.2 -0.6
v -0.2 1.3 1.5
v -0.1 1.3 1.5
v 0.1 1.3 1.5
v 0.2 1.3 1.5
v -0.2 1.3 1.4
v -0.1 1.3 1.4
v 0.1 1.3 1.4
v 0.2 1.3 1.4
v -1.5 1.3 0.2
v -1.4 1.3 0.2
v 1.4 1.3 0.2
v 1.5 1.3 0.2
v -1.5 1.3 0.1
v -1.4 1.3 0.1
v 1.4 1.3 0.1
v 1.5 1.3 0.1
v -1.5 1.3 -0.1
v -1.4 1.3 -0.1
v 1.4 1.3 -0.1
v 1.5 1.3 -0.1
v -1.5 1.3 -0.2
v -1.4 1.3 -0.2
v 1.4 1.3 -0.2
v 1.5 1.3 -0.2
v -0.2 1.3 -1.4
v -0.1 1.3 -1.4
v 0.1 1.3 -1.4
v 0.2 1.3 -1.4
v -0.2 1.3 -1.5
v -0.1 1.3 -1.5
v 0.1 1.3 -1.5
v 0.2 1.3 -1.5
v -0.7 1.4 1.5
v -0.6 1.4 1.5
v 0.6 1.4 1.5
v 0.7 1.4 1.5
v -0.7 1.4 1.4
v -0.6 1.4 1.4
v 0.6 1.4 1.4
v 0.7 1.4 1.4
v -1.5 1.4 0.7
v -1.4 1.4 0.7
v 1.4 1.4 0.7
v 1.5 1.4 0.7
v -1.5 1.4 0.6
v -1.4 1.4 0.6
v 1.4 1.4 0.6
v 1.5 1.4 0.6
v -1.5 1.4 -0.6
v -1.4 1.4 -0.6
v 1.4 1.4 -0.6
v 1.5 1.4 -0.6
v -1.5 1.4 -0.7
v -1.4 1.4 -0.7
v 1.4 1.4 -0.7
v 1.5 1.4 -0.7
v -0.1 1.5 1.4
v 0.1 1.5 1.4
v -0.1 1.5 1.3
v 0.1 1.5 1.3
v -1.4 1.5 0.1
v -1.3 1.5 0.1
v 1.3 1.5 0.1
v 1.4 1.5 0.1
v -1.4 1.5 -0.1
v -1.3 1.5 -0.1
v 1.3 1.5 -0.1
v 1.4 1.5 -0.1
v -0.1 1.5 -1.3
v 0.1 1.5 -1.3
v -0.1 1.5 -1.4
v 0.1 1.5 -1.4
v -0.2 1.6 1.4
v -0.1 1.6 1.4
v 0.1 1.6 1.4
v 0.2 1.6 1.4
v -0.2 1.6 1.3
v -0.1 1.6 1.3
v 0.1 1.6 1.3
v 0.2 1.6 1.3
v -1.4 1.6 0.2
v -1.3 1.6 0.2
v 1.3 1.6 0.2
v 1.4 1.6 0.2
v -1.4 1.6 0.1
v -1.3 1.6 0.1
v 1.3 1.6 0.1
v 1.4 1.6 0.1
v -1.4 1.6 -0.1
v -1.3 1.6 -0.1
v 1.3 1.6 -0.1
v 1.4 1.6 -0.1
v -1.4 1.6 -0.2
v -1.3 1.6 -0.2
v 1.3 1.6 -0.2
v 1.4 1.6 -0.2
v -0.2 1.6 -1.3
v -0.1 1.6 -1.3
v 0.1 1.6 -1.3
v 0.2 1.6 -1.3
v -0.2 1.6 -1.4
v -0.1 1.6 -1.4
v 0.1 1.6 -1.4
v 0.2 1.6 -1.4
v -0.3 1.7 1.4
v -0.2 1.7 1.4
v 0.2 1.7 1.4
v 0.3 1.7 1.4
v -0.3 1.7 1.3
v -0.2 1.7 1.3
v 0.2 1.7 1.3
v 0.3 1.7 1.3
v -1.4 1.7 0.3
v -1.3 1.7 0.3
v 1.3 1.7 0.3
v 1.4 1.7 0.3
v -1.4 1.7 0.2
v -1.3 1.7 0.2
v 1.3 1.7 0.2
v 1.4 1.7 0.2
v -1.4 1.7 -0.2
v -1.3 1.7 -0.2
v 1.3 1.7 -0.2
v 1.4 1.7 -0.2
v -1.4 1.7 -0.3
v -1.3 1.7 -0.3
v 1.3 1.7 -0.3
v 1.4 1.7 -0.3
v -0.3 1.7 -1.3
v -0.2 1.7 -1.3
v 0.2 1.7 -1.3
v 0.3 1.7 -1.3
v -0.3 1.7 -1.4
v -0.2 1.7 -1.4
v 0.2 1.7 -1.4
v 0.3 1.7 -1.4
v -1.5 1.9 0.7
v -1.4 1.9 0.7
v -1.5 1.9 0.6
v -1.4 1.9 0.6
v -0.7 1.9 -1.4
v -0.6 1.9 -1.4
v -0.7 1.9 -1.5
v -0.6 1.9 -1.5
v -0.3 2 1.5
v -0.2 2 1.5
v 0.2 2 1.5
v 0.3 2 1.5
v -0.3 2 1.4
v -0.2 2 1.4
v 0.2 2 1.4
v 0.3 2 1.4
v -1.5 2 0.3
v -1.4 2 0.3
v 1.4 2 0.3
v 1.5 2 0.3
v -1.5 2 0.2
v -1.4 2 0.2
v 1.4 2 0.2
v 1.5 2 0.2
v -1.5 2 -0.2
v -1.4 2 -0.2
v 1.4 2 -0.2
v 1.5 2 -0.2
v -1.5 2 -0.3
v -1.4 2 -0.3
v 1.4 2 -0.3
v 1.5 2 -0.3
v -0.3 2 -1.4
v -0.2 2 -1.4
v 0.2 2 -1.4
v 0.3 2 -1.4
v 0.6 2 -1.4
v 0.7 2 -1.4
v -0.3 2 -1.5
v -0.2 2 -1.5
v 0.2 2 -1.5
v 0.3 2 -1.5
v 0.6 2 -1.5
v 0.7 2 -1.5
v -0.2 2.1 1.5
v -0.1 2.1 1.5
v 0.1 2.1 1.5
v 0.2 2.1 1.5
v -0.2 2.1 1.4
v -0.1 2.1 1.4
v 0.1 2.1 1.4
v 0.2 2.1 1.4
v -1.5 2.1 0.2
v -1.4 2.1 0.2
v 1.4 2.1 0.2
v 1.5 2.1 0.2
v -1.5 2.1 0.1
v -1.4 2.1 0.1
v 1.4 2.1 0.1
v 1.5 2.1 0.1
v -1.5 2.1 -0.1
v -1.4 2.1 -0.1
v 1.4 2.1 -0.1
v 1.5 2.1 -0.1
v -1.5 2.1 -0.2
v -1.4 2.1 -0.2
v 1.4 2.1 -0.2
v 1.5 2.1 -0.2
v -0.6 2.1 -1.4
v -0.5 2.1 -1.4
v -0.2 2.1 -1.4
v -0.1 2.1 -1.4
v 0.1 2.1 -1.4
v 0.2 2.1 -1.4
v 0.5 2.1 -1.4
v 0.6 2.1 -1.4
v -0.6 2.1 -1.5
v -0.5 2.1 -1.5
v -0.2 2.1 -1.5
v -0.1 2.1 -1.5
v 0.1 2.1 -1.5
v 0.2 2.1 -1.5
v 0.5 2.1 -1.5
v 0.6 2.1 -1.5
v -0.1 2.2 1.5
v 0.1 2.2 1.5
v -0.1 2.2 1.4
v 0.1 2.2 1.4
v -1.5 2.2 0.1
v -1.4 2.2 0.1
v 1.4 2.2 0.1
v 1.5 2.2 0.1
v -1.5 2.2 -0.1
v -1.4 2.2 -0.1
v 1.4 2.2 -0.1
v 1.5 2.2 -0.1
v -0.1 2.2 -1.4
v 0.1 2.2 -1.4
v -0.1 2.2 -1.5
v 0.1 2.2 -1.5
v -0.7 2.7 1.6
v 0.7 2.7 1.6
v -0.7 2.7 1.5
v 0.7 2.7 1.5
v -1.6 2.7 0.7
v -1.5 2.7 0.7
v 1.5 2.7 0.7
v 1.6 2.7 0.7
v -1.6 2.7 -0.7
v -1.5 2.7 -0.7
v 1.5 2.7 -0.7
v 1.6 2.7 -0.7
v -0.7 2.7 -1.5
v 0.7 2.7 -1.5
v -0.7 2.7 -1.6
v 0.7 2.7 -1.6
v -1.3 2.8 1.6
v -1.2 2.8 1.6
v -0.8 2.8 1.6
v -0.7 2.8 1.6
v 0.7 2.8 1.6
v 0.8 2.8 1.6
v 1.2 2.8 1.6
v 1.3 2.8 1.6
v -1.3 2.8 1.5
v -1.2 2.8 1.5
v -0.8 2.8 1.5
v -0.7 2.8 1.5
v 0.7 2.8 1.5
v 0.8 2.8 1.5
v 1.2 2.8 1.5
v 1.3 2.8 1.5
v -1.6 2.8 1.3
v -1.5 2.8 1.3
v 1.5 2.8 1.3
v 1.6 2.8 1.3
v -1.6 2.8 1.2
v -1.5 2.8 1.2
v 1.5 2.8 1.2
v 1.6 2.8 1.2
v -1.6 2.8 0.8
v -1.5 2.8 0.8
v 1.5 2.8 0.8
v 1.6 2.8 0.8
v -1.6 2.8 0.7
v -1.5 2.8 0.7
v 1.5 2.8 0.7
v 1.6 2.8 0.7
v -1.6 2.8 -0.7
v -1.5 2.8 -0.7
v 1.5 2.8 -0.7
v 1.6 2.8 -0.7
v -1.6 2.8 -0.8
v -1.5 2.8 -0.8
v 1.5 2.8 -0.8
v 1.6 2.8 -0.8
v -1.6 2.8 -1.2
v -1.5 2.8 -1.2
v 1.5 2.8 -1.2
v 1.6 2.8 -1.2
v -1.6 2.8 -1.3
v -1.5 2.8 -1.3
v 1.5 2.8 -1.3
v 1.6 2.8 -1.3
v -1 2.8 -1.4
v -0.8 2.8 -1.4
v 0.8 2.8 -1.4
v 1 2.8 -1.4
v -1.3 2.8 -1.5
v -1.2 2.8 -1.5
v -1 2.8 -1.5
v -0.8 2.8 -1.5
v -0.7 2.8 -1.5
v 0.7 2.8 -1.5
v 0.8 2.8 -1.5
v 1 2.8 -1.5
v 1.2 2.8 -1.5
v 1.3 2.8 -1.5
v -1.3 2.8 -1.6
v -1.2 2.8 -1.6
v -0.8 2.8 -1.6
v -0.7 2.8 -1.6
v 0.7 2.8 -1.6
v 0.8 2.8 -1.6
v 1.2 2.8 -1.6
v 1.3 2.8 -1.6
v -1.2 2.9 1.6
v -0.8 2.9 1.6
v 0.8 2.9 1.6
v 1.2 2.9 1.6
v -1.2 2.9 1.5
v -0.8 2.9 1.5
v 0.8 2.9 1.5
v 1.2 2.9 1.5
v -1.6 2.9 1.2
v -1.5 2.9 1.2
v 1.5 2.9 1.2
v 1.6 2.9 1.2
v -1.6 2.9 0.8
v -1.5 2.9 0.8
v 1.5 2.9 0.8
v 1.6 2.9 0.8
v -1.6 2.9 -0.8
v -1.5 2.9 -0.8
v 1.5 2.9 -0.8
v 1.6 2.9 -0.8
v -1.6 2.9 -1.2
v -1.5 2.9 -1.2
v 1.5 2.9 -1.2
v 1.6 2.9 -1.2
v -1.2 2.9 -1.5
v -0.8 2.9 -1.5
v 0.8 2.9 -1.5
v 1 2.9 -1.5
v 1.2 2.9 -1.5
v -1.2 2.9 -1.6
v -0.8 2.9 -1.6
v 0.8 2.9 -1.6
v 1.2 2.9 -1.6
v -1.6 3.2 1.6
v 1.6 3.2 1.6
v -1.5 3.2 1.5
v 1.5 3.2 1.5
v -1.5 3.2 -1.5
v 1.5 3.2 -1.5
v -1.6 3.2 -1.6
v 1.6 3.2 -1.6

# faces
f 3/1/1 2/1/1 1/1/1
f 4/1/1 2/1/1 3/1/1
f 10/1/1 6/1/1 5/1/1
f 11/1/1 6/1/1 10/1/1
f 14/1/1 8/1/1 7/1/1
f 15/1/1 8/1/1 14/1/1
f 17/1/1 12/1/1 11/1/1
f 18/1/1 14/1/1 13/1/1
f 19/1/1 10/1/1 9/1/1
f 19/3/1 11/3/1 10/3/1
f 20/3/1 11/3/1 19/3/1
f 21/1/1 18/1/1 17/1/1
f 21/1/1 17/1/1 11/1/1
f 22/1/1 14/1/1 18/1/1
f 22/1/1 18/1/1 21/1/1
f 23/3/1 15/3/1 14/3/1
f 24/1/1 16/1/1 15/1/1
f 24/3/1 15/3/1 23/3/1
f 25/3/1 11/3/1 20/3/1
f 25/2/1 20/2/1 19/2/1
f 26/1/1 21/1/1 11/1/1
f 26/3/1 11/3/1 25/3/1
f 27/3/1 23/3/1 14/3/1
f 27/1/1 14/1/1 22/1/1
f 28/2/1 24/2/1 23/2/1
f 28/3/1 23/3/1 27/3/1
f 29/1/1 19/1/1 9/1/1
f 30/2/1 25/2/1 19/2/1
f 30/1/1 19/1/1 29/1/1
f 30/2/1 26/2/1 25/2/1
f 31/1/1 21/1/1 26/1/1
f 31/2/1 26/2/1 30/2/1
f 32/1/1 21/1/1 31/1/1
f 33/1/1 27/1/1 22/1/1
f 34/2/1 28/2/1 27/2/1
f 34/1/1 27/1/1 33/1/1
f 35/1/1 16/1/1 24/1/1
f 35/2/1 28/2/1 34/2/1
f 35/2/1 24/2/1 28/2/1
f 36/1/1 16/1/1 35/1/1
f 37/1/1 31/1/1 30/1/1
f 38/1/1 31/1/1 37/1/1
f 39/1/1 31/1/1 38/1/1
f 40/1/1 31/1/1 39/1/1
f 41/1/1 35/1/1 34/1/1
f 42/1/1 35/1/1 41/1/1
f 43/1/1 35/1/1 42/1/1
f 44/1/1 35/1/1 43/1/1
f 46/1/1 39/1/1 38/1/1
f 47/1/1 39/1/1 46/1/1
f 50/1/1 43/1/1 42/1/1
f 51/1/1 43/1/1 50/1/1
f 54/1/1 48/1/1 47/1/1
f 54/1/1 46/1/1 45/1/1
f 54/1/1 47/1/1 46/1/1
f 55/1/1 48/1/1 54/1/1
f 58/1/1 52/1/1 51/1/1
f 58/1/1 51/1/1 50/1/1
f 58/1/1 50/1/1 49/1/1
f 59/1/1 52/1/1 58/1/1
f 61/3/1 55/3/1 54/3/1
f 62/1/1 56/1/1 55/1/1
f 62/3/1 55/3/1 61/3/1
f 63/1/1 56/1/1 62/1/1
f 64/1/1 58/1/1 57/1/1
f 65/3/1 59/3/1 58/3/1
f 65/1/1 58/1/1 64/1/1
f 66/3/1 59/3/1 65/3/1
f 67/3/1 61/3/1 54/3/1
f 67/1/1 54/1/1 53/1/1
f 68/2/1 62/2/1 61/2/1
f 68/3/1 61/3/1 67/3/1
f 69/1/1 64/1/1 63/1/1
f 69/1/1 63/1/1 62/1/1
f 69/1/1 65/1/1 64/1/1
f 70/1/1 65/1/1 69/1/1
f 71/3/1 59/3/1 66/3/1
f 71/2/1 66/2/1 65/2/1
f 72/1/1 60/1/1 59/1/1
f 72/3/1 59/3/1 71/3/1
f 73/1/1 67/1/1 53/1/1
f 74/2/1 68/2/1 67/2/1
f 74/1/1 67/1/1 73/1/1
f 75/2/1 62/2/1 68/2/1
f 75/2/1 68/2/1 74/2/1
f 75/1/1 69/1/1 62/1/1
f 76/1/1 69/1/1 75/1/1
f 77/1/1 65/1/1 70/1/1
f 78/2/1 71/2/1 65/2/1
f 78/1/1 65/1/1 77/1/1
f 78/2/1 72/2/1 71/2/1
f 79/1/1 60/1/1 72/1/1
f 79/2/1 72/2/1 78/2/1
f 80/1/1 60/1/1 79/1/1
f 81/1/1 75/1/1 74/1/1
f 82/1/1 75/1/1 81/1/1
f 83/1/1 79/1/1 78/1/1
f 84/1/1 79/1/1 83/1/1
f 85/1/1 3/1/1 1/1/1
f 86/1/1 2/1/1 4/1/1
f 87/1/1 85/1/1 1/1/1
f 87/1/1 86/1/1 85/1/1
f 88/1/1 2/1/1 86/1/1
f 88/1/1 86/1/1 87/1/1
f 91/4/1 90/4/1 89/4/1
f 92/4/1 90/4/1 91/4/1
f 93/4/1 90/4/1 92/4/1
f 94/4/1 90/4/1 93/4/1
f 95/4/1 91/4/1 89/4/1
f 96/4/1 91/4/1 95/4/1
f 97/4/1 93/4/1 92/4/1
f 98/4/1 93/4/1 97/4/1
f 99/4/1 93/4/1 98/4/1
f 100/4/1 93/4/1 99/4/1
f 101/4/1 90/4/1 94/4/1
f 102/4/1 90/4/1 101/4/1
f 103/4/1 99/4/1 98/4/1
f 104/4/1 99/4/1 103/4/1
f 107/2/1 106/2/1 105/2/1
f 108/2/1 106/2/1 107/2/1
f 109/4/1 95/4/1 89/4/1
f 112/2/1 107/2/1 105/2/1
f 113/4/1 108/4/1 107/4/1
f 113/2/1 107/2/1 112/2/1
f 114/2/1 106/2/1 108/2/1
f 114/4/1 108/4/1 113/4/1
f 115/2/1 106/2/1 114/2/1
f 118/4/1 90/4/1 102/4/1
f 119/4/1 110/4/1 109/4/1
f 122/2/1 112/2/1 111/2/1
f 123/4/1 113/4/1 112/4/1
f 123/4/1 115/4/1 114/4/1
f 123/2/1 112/2/1 122/2/1
f 123/4/1 114/4/1 113/4/1
f 124/4/1 115/4/1 123/4/1
f 125/4/1 115/4/1 124/4/1
f 126/2/1 116/2/1 115/2/1
f 126/4/1 115/4/1 125/4/1
f 127/2/1 116/2/1 126/2/1
f 130/4/1 118/4/1 117/4/1
f 131/2/1 122/2/1 121/2/1
f 132/4/1 123/4/1 122/4/1
f 132/2/1 122/2/1 131/2/1
f 132/4/1 124/4/1 123/4/1
f 133/4/1 124/4/1 132/4/1
f 134/4/1 124/4/1 133/4/1
f 139/4/1 126/4/1 125/4/1
f 139/4/1 127/4/1 126/4/1
f 140/4/1 127/4/1 139/4/1
f 141/2/1 128/2/1 127/2/1
f 141/4/1 127/4/1 140/4/1
f 142/2/1 128/2/1 141/2/1
f 143/4/1 132/4/1 131/4/1
f 143/4/1 133/4/1 132/4/1
f 144/4/1 133/4/1 143/4/1
f 145/4/1 142/4/1 141/4/1
f 145/4/1 141/4/1 140/4/1
f 146/4/1 142/4/1 145/4/1
f 147/2/1 136/2/1 135/2/1
f 148/2/1 136/2/1 147/2/1
f 149/2/1 138/2/1 137/2/1
f 150/2/1 138/2/1 149/2/1
f 151/4/1 143/4/1 131/4/1
f 152/4/1 143/4/1 151/4/1
f 153/4/1 142/4/1 146/4/1
f 154/4/1 142/4/1 153/4/1
f 155/4/1 151/4/1 131/4/1
f 160/4/1 142/4/1 154/4/1
f 162/2/1 158/2/1 157/2/1
f 163/2/1 158/2/1 162/2/1
f 165/2/1 156/2/1 155/2/1
f 168/2/1 164/2/1 163/2/1
f 168/2/1 162/2/1 161/2/1
f 168/2/1 163/2/1 162/2/1
f 169/2/1 164/2/1 168/2/1
f 172/2/1 160/2/1 159/2/1
f 173/4/1 155/4/1 131/4/1
f 173/2/1 166/2/1 165/2/1
f 173/2/1 165/2/1 155/2/1
f 174/2/1 166/2/1 173/2/1
f 175/4/1 173/4/1 131/4/1
f 176/2/1 166/2/1 174/2/1
f 177/2/1 170/2/1 169/2/1
f 177/2/1 168/2/1 167/2/1
f 177/2/1 169/2/1 168/2/1
f 178/2/1 170/2/1 177/2/1
f 179/2/1 170/2/1 178/2/1
f 180/2/1 170/2/1 179/2/1
f 181/2/1 172/2/1 171/2/1
f 181/2/1 160/2/1 172/2/1
f 182/4/1 142/4/1 160/4/1
f 182/2/1 160/2/1 181/2/1
f 183/4/1 176/4/1 175/4/1
f 183/2/1 166/2/1 176/2/1
f 184/2/1 166/2/1 183/2/1
f 185/2/1 179/2/1 178/2/1
f 186/2/1 179/2/1 185/2/1
f 187/2/1 179/2/1 186/2/1
f 188/2/1 179/2/1 187/2/1
f 189/2/1 181/2/1 171/2/1
f 190/4/1 182/4/1 181/4/1
f 190/2/1 181/2/1 189/2/1
f 191/4/1 184/4/1 183/4/1
f 193/2/1 187/2/1 186/2/1
f 194/2/1 187/2/1 193/2/1
f 196/4/1 190/4/1 189/4/1
f 197/4/1 120/4/1 119/4/1
f 197/4/1 119/4/1 109/4/1
f 198/4/1 120/4/1 197/4/1
f 199/4/1 175/4/1 131/4/1
f 199/4/1 183/4/1 175/4/1
f 199/4/1 192/4/1 191/4/1
f 199/4/1 191/4/1 183/4/1
f 200/4/1 192/4/1 199/4/1
f 201/4/1 192/4/1 200/4/1
f 202/4/1 196/4/1 195/4/1
f 203/4/1 190/4/1 196/4/1
f 203/4/1 142/4/1 182/4/1
f 203/4/1 196/4/1 202/4/1
f 203/4/1 182/4/1 190/4/1
f 204/4/1 142/4/1 203/4/1
f 205/4/1 130/4/1 129/4/1
f 206/4/1 118/4/1 130/4/1
f 206/4/1 130/4/1 205/4/1
f 207/4/1 109/4/1 89/4/1
f 207/4/1 197/4/1 109/4/1
f 208/4/1 197/4/1 207/4/1
f 209/4/1 203/4/1 202/4/1
f 209/4/1 201/4/1 200/4/1
f 209/4/1 202/4/1 201/4/1
f 210/4/1 203/4/1 209/4/1
f 211/4/1 203/4/1 210/4/1
f 212/4/1 203/4/1 211/4/1
f 213/4/1 118/4/1 206/4/1
f 214/4/1 90/4/1 118/4/1
f 214/4/1 118/4/1 213/4/1
f 215/4/1 207/4/1 89/4/1
f 216/4/1 207/4/1 215/4/1
f 217/4/1 211/4/1 210/4/1
f 218/4/1 211/4/1 217/4/1
f 219/4/1 90/4/1 214/4/1
f 220/4/1 90/4/1 219/4/1
f 223/4/1 207/4/1 216/4/1
f 223/2/1 216/2/1 215/2/1
f 224/4/1 207/4/1 223/4/1
f 227/4/1 222/4/1 221/4/1
f 228/4/1 222/4/1 227/4/1
f 231/4/1 219/4/1 214/4/1
f 232/4/1 225/4/1 224/4/1
f 232/2/1 224/2/1 223/2/1
f 233/4/1 225/4/1 232/4/1
f 234/4/1 229/4/1 228/4/1
f 234/4/1 227/4/1 226/4/1
f 234/4/1 228/4/1 227/4/1
f 235/4/1 229/4/1 234/4/1
f 236/4/1 229/4/1 235/4/1
f 237/4/1 231/4/1 230/4/1
f 238/4/1 236/4/1 235/4/1
f 238/4/1 237/4/1 236/4/1
f 238/2/1 233/2/1 232/2/1
f 238/2/1 234/2/1 233/2/1
f 238/2/1 235/2/1 234/2/1
f 239/4/1 231/4/1 237/4/1
f 239/4/1 237/4/1 238/4/1
f 239/2/1 220/2/1 219/2/1
f 239/4/1 219/4/1 231/4/1
f 240/2/1 238/2/1 232/2/1
f 240/2/1 223/2/1 215/2/1
f 240/2/1 239/2/1 238/2/1
f 240/2/1 232/2/1 223/2/1
f 241/2/1 220/2/1 239/2/1
f 241/2/1 239/2/1 240/2/1
f 245/1/1 243/1/1 242/1/1
f 246/1/1 243/1/1 245/1/1
f 247/1/1 243/1/1 246/1/1
f 248/1/1 243/1/1 247/1/1
f 249/1/1 243/1/1 248/1/1
f 250/1/1 243/1/1 249/1/1
f 253/1/1 245/1/1 244/1/1
f 253/1/1 246/1/1 245/1/1
f 254/1/1 250/1/1 249/1/1
f 254/1/1 251/1/1 250/1/1
f 256/1/1 253/1/1 252/1/1
f 256/1/1 246/1/1 253/1/1
f 257/1/1 248/1/1 247/1/1
f 258/1/1 248/1/1 257/1/1
f 259/1/1 255/1/1 254/1/1
f 259/1/1 254/1/1 249/1/1
f 261/1/1 258/1/1 257/1/1
f 261/1/1 259/1/1 258/1/1
f 261/1/1 256/1/1 252/1/1
f 261/1/1 257/1/1 256/1/1
f 262/1/1 255/1/1 259/1/1
f 262/1/1 259/1/1 261/1/1
f 264/1/1 261/1/1 260/1/1
f 264/1/1 263/1/1 262/1/1
f 264/1/1 262/1/1 261/1/1
f 265/1/1 263/1/1 264/1/1
f 266/1/1 263/1/1 265/1/1
f 267/1/1 263/1/1 266/1/1
f 268/1/1 263/1/1 267/1/1
f 269/1/1 263/1/1 268/1/1
f 270/1/1 266/1/1 265/1/1
f 271/1/1 266/1/1 270/1/1
f 272/1/1 268/1/1 267/1/1
f 273/1/1 268/1/1 272/1/1
f 274/1/1 270/1/1 265/1/1
f 275/1/1 270/1/1 274/1/1
f 276/1/1 270/1/1 275/1/1
f 277/1/1 270/1/1 276/1/1
f 278/1/1 268/1/1 273/1/1
f 279/1/1 268/1/1 278/1/1
f 280/1/1 268/1/1 279/1/1
f 281/1/1 268/1/1 280/1/1
f 284/4/1 283/4/1 282/4/1
f 285/4/1 283/4/1 284/4/1
f 286/1/1 276/1/1 275/1/1
f 289/1/1 280/1/1 279/1/1
f 290/1/1 287/1/1 286/1/1
f 290/1/1 286/1/1 275/1/1
f 291/1/1 287/1/1 290/1/1
f 294/1/1 289/1/1 288/1/1
f 295/1/1 280/1/1 289/1/1
f 295/1/1 289/1/1 294/1/1
f 296/1/1 292/1/1 291/1/1
f 296/1/1 291/1/1 290/1/1
f 297/1/1 292/1/1 296/1/1
f 298/1/1 292/1/1 297/1/1
f 299/1/1 294/1/1 293/1/1
f 299/1/1 295/1/1 294/1/1
f 300/1/1 295/1/1 299/1/1
f 301/1/1 295/1/1 300/1/1
f 302/1/1 298/1/1 297/1/1
f 302/1/1 300/1/1 299/1/1
f 302/1/1 299/1/1 298/1/1
f 303/1/1 300/1/1 302/1/1
f 308/1/1 305/1/1 304/1/1
f 309/1/1 305/1/1 308/1/1
f 310/1/1 307/1/1 306/1/1
f 311/1/1 307/1/1 310/1/1
f 316/4/1 313/4/1 312/4/1
f 317/4/1 313/4/1 316/4/1
f 318/4/1 315/4/1 314/4/1
f 319/4/1 315/4/1 318/4/1
f 323/4/1 321/4/1 320/4/1
f 324/4/1 321/4/1 323/4/1
f 327/4/1 323/4/1 322/4/1
f 327/4/1 325/4/1 324/4/1
f 327/4/1 324/4/1 323/4/1
f 328/4/1 325/4/1 327/4/1
f 330/4/1 328/4/1 327/4/1
f 330/4/1 329/4/1 328/4/1
f 330/4/1 327/4/1 326/4/1
f 331/4/1 329/4/1 330/4/1
f 332/4/1 329/4/1 331/4/1
f 333/4/1 329/4/1 332/4/1
f 334/4/1 332/4/1 331/4/1
f 335/4/1 332/4/1 334/4/1
f 336/4/1 332/4/1 335/4/1
f 337/4/1 332/4/1 336/4/1
f 338/4/1 336/4/1 335/4/1
f 339/4/1 336/4/1 338/4/1
f 344/1/1 341/1/1 340/1/1
f 345/1/1 341/1/1 344/1/1
f 346/1/1 343/1/1 342/1/1
f 347/1/1 343/1/1 346/1/1
f 352/1/1 349/1/1 348/1/1
f 353/1/1 349/1/1 352/1/1
f 354/1/1 351/1/1 350/1/1
f 355/1/1 351/1/1 354/1/1
f 360/1/1 357/1/1 356/1/1
f 361/1/1 357/1/1 360/1/1
f 362/1/1 359/1/1 358/1/1
f 363/1/1 359/1/1 362/1/1
f 368/1/1 365/1/1 364/1/1
f 369/1/1 365/1/1 368/1/1
f 370/1/1 367/1/1 366/1/1
f 371/1/1 367/1/1 370/1/1
f 376/1/1 373/1/1 372/1/1
f 377/1/1 373/1/1 376/1/1
f 378/1/1 375/1/1 374/1/1
f 379/1/1 375/1/1 378/1/1
f 384/1/1 381/1/1 380/1/1
f 385/1/1 381/1/1 384/1/1
f 386/1/1 383/1/1 382/1/1
f 387/1/1 383/1/1 386/1/1
f 392/2/1 389/2/1 388/2/1
f 393/2/1 389/2/1 392/2/1
f 394/2/1 391/2/1 390/2/1
f 395/2/1 391/2/1 394/2/1
f 398/2/1 397/2/1 396/2/1
f 399/2/1 397/2/1 398/2/1
f 402/2/1 401/2/1 400/2/1
f 403/2/1 401/2/1 402/2/1
f 408/2/1 405/2/1 404/2/1
f 409/2/1 405/2/1 408/2/1
f 410/2/1 407/2/1 406/2/1
f 411/2/1 407/2/1 410/2/1
f 416/2/1 413/2/1 412/2/1
f 417/2/1 413/2/1 416/2/1
f 418/2/1 415/2/1 414/2/1
f 419/2/1 415/2/1 418/2/1
f 424/2/1 421/2/1 420/2/1
f 425/2/1 421/2/1 424/2/1
f 426/2/1 423/2/1 422/2/1
f 427/2/1 423/2/1 426/2/1
f 432/2/1 429/2/1 428/2/1
f 433/2/1 429/2/1 432/2/1
f 434/2/1 431/2/1 430/2/1
f 435/2/1 431/2/1 434/2/1
f 440/1/1 437/1/1 436/1/1
f 441/1/1 437/1/1 440/1/1
f 442/1/1 439/1/1 438/1/1
f 443/1/1 439/1/1 442/1/1
f 448/2/1 445/2/1 444/2/1
f 449/2/1 445/2/1 448/2/1
f 450/2/1 447/2/1 446/2/1
f 451/2/1 447/2/1 450/2/1
f 456/2/1 453/2/1 452/2/1
f 457/2/1 453/2/1 456/2/1
f 458/2/1 455/2/1 454/2/1
f 459/2/1 455/2/1 458/2/1
f 462/4/1 461/4/1 460/4/1
f 463/4/1 461/4/1 462/4/1
f 464/4/1 461/4/1 463/4/1
f 469/2/1 466/2/1 465/2/1
f 470/2/1 466/2/1 469/2/1
f 471/2/1 468/2/1 467/2/1
f 472/2/1 468/2/1 471/2/1
f 477/1/1 474/1/1 473/1/1
f 478/1/1 474/1/1 477/1/1
f 479/1/1 476/1/1 475/1/1
f 480/1/1 476/1/1 479/1/1
f 485/1/1 482/1/1 481/1/1
f 486/1/1 482/1/1 485/1/1
f 487/1/1 484/1/1 483/1/1
f 488/1/1 484/1/1 487/1/1
f 493/1/1 490/1/1 489/1/1
f 494/1/1 490/1/1 493/1/1
f 495/1/1 492/1/1 491/1/1
f 496/1/1 492/1/1 495/1/1
f 501/1/1 498/1/1 497/1/1
f 502/1/1 498/1/1 501/1/1
f 503/1/1 500/1/1 499/1/1
f 504/1/1 500/1/1 503/1/1
f 509/1/1 506/1/1 505/1/1
f 510/1/1 506/1/1 509/1/1
f 511/1/1 508/1/1 507/1/1
f 512/1/1 508/1/1 511/1/1
f 517/1/1 514/1/1 513/1/1
f 518/1/1 514/1/1 517/1/1
f 519/1/1 516/1/1 515/1/1
f 520/1/1 516/1/1 519/1/1
f 523/4/1 522/4/1 521/4/1
f 524/4/1 522/4/1 523/4/1
f 527/4/1 526/4/1 525/4/1
f 528/4/1 526/4/1 527/4/1
f 531/4/1 530/4/1 529/4/1
f 532/4/1 530/4/1 531/4/1
f 537/2/1 534/2/1 533/2/1
f 538/2/1 534/2/1 537/2/1
f 539/2/1 536/2/1 535/2/1
f 540/2/1 536/2/1 539/2/1
f 541/4/1 538/4/1 537/4/1
f 542/4/1 538/4/1 541/4/1
f 545/4/1 544/4/1 543/4/1
f 546/4/1 544/4/1 545/4/1
f 551/2/1 548/2/1 547/2/1
f 552/2/1 548/2/1 551/2/1
f 553/2/1 550/2/1 549/2/1
f 554/2/1 550/2/1 553/2/1
f 559/1/1 556/1/1 555/1/1
f 560/1/1 556/1/1 559/1/1
f 561/1/1 558/1/1 557/1/1
f 562/1/1 558/1/1 561/1/1
f 567/1/1 564/1/1 563/1/1
f 568/1/1 564/1/1 567/1/1
f 570/1/1 566/1/1 565/1/1
f 571/1/1 566/1/1 570/1/1
f 572/2/1 570/2/1 569/2/1
f 573/2/1 570/2/1 572/2/1
f 576/4/1 575/4/1 574/4/1
f 577/4/1 575/4/1 576/4/1
f 582/1/1 579/1/1 578/1/1
f 583/1/1 579/1/1 582/1/1
f 584/1/1 581/1/1 580/1/1
f 585/1/1 581/1/1 584/1/1
f 590/1/1 587/1/1 586/1/1
f 591/1/1 587/1/1 590/1/1
f 592/1/1 589/1/1 588/1/1
f 593/1/1 589/1/1 592/1/1
f 598/1/1 595/1/1 594/1/1
f 599/1/1 595/1/1 598/1/1
f 600/1/1 597/1/1 596/1/1
f 601/1/1 597/1/1 600/1/1
f 606/1/1 603/1/1 602/1/1
f 607/1/1 603/1/1 606/1/1
f 609/1/1 605/1/1 604/1/1
f 610/1/1 605/1/1 609/1/1
f 611/2/1 609/2/1 608/2/1
f 612/2/1 609/2/1 611/2/1
f 617/1/1 614/1/1 613/1/1
f 618/1/1 614/1/1 617/1/1
f 620/1/1 616/1/1 615/1/1
f 621/1/1 616/1/1 620/1/1
f 624/3/1 620/3/1 619/3/1
f 625/3/1 620/3/1 624/3/1
f 627/1/1 623/1/1 622/1/1
f 628/1/1 623/1/1 627/1/1
f 629/1/1 626/1/1 625/1/1
f 630/1/1 626/1/1 629/1/1
f 636/4/1 632/4/1 631/4/1
f 637/4/1 632/4/1 636/4/1
f 638/4/1 634/4/1 633/4/1
f 639/4/1 634/4/1 638/4/1
f 641/1/1 636/1/1 635/1/1
f 643/1/1 640/1/1 639/1/1
f 644/1/1 641/1/1 635/1/1
f 645/1/1 641/1/1 644/1/1
f 646/4/1 643/4/1 642/4/1
f 646/1/1 640/1/1 643/1/1
f 647/1/1 640/1/1 646/1/1
f 648/4/1 646/4/1 642/4/1
f 649/4/1 646/4/1 648/4/1
f 652/4/1 651/4/1 650/4/1
f 653/4/1 652/4/1 650/4/1
f 654/4/1 652/4/1 653/4/1
f 659/2/1 656/2/1 655/2/1
f 660/2/1 656/2/1 659/2/1
f 661/2/1 658/2/1 657/2/1
f 662/2/1 658/2/1 661/2/1
f 666/2/1 664/2/1 663/2/1
f 667/2/1 664/2/1 666/2/1
f 670/2/1 666/2/1 665/2/1
f 670/2/1 668/2/1 667/2/1
f 670/2/1 667/2/1 666/2/1
f 671/2/1 668/2/1 670/2/1
f 673/2/1 671/2/1 670/2/1
f 673/2/1 672/2/1 671/2/1
f 673/2/1 670/2/1 669/2/1
f 674/2/1 672/2/1 673/2/1
f 675/2/1 672/2/1 674/2/1
f 676/2/1 672/2/1 675/2/1
f 677/2/1 675/2/1 674/2/1
f 678/2/1 675/2/1 677/2/1
f 679/2/1 675/2/1 678/2/1
f 680/2/1 675/2/1 679/2/1
f 681/2/1 679/2/1 678/2/1
f 682/2/1 679/2/1 681/2/1
f 687/1/1 684/1/1 683/1/1
f 688/1/1 686/1/1 685/1/1
f 689/1/1 687/1/1 683/1/1
f 690/1/1 687/1/1 689/1/1
f 691/1/1 686/1/1 688/1/1
f 692/1/1 686/1/1 691/1/1
f 693/1/2 694/1/2 697/1/2
f 695/1/2 696/1/2 698/1/2
f 693/1/2 697/1/2 699/1/2
f 699/1/2 697/1/2 700/1/2
f 698/1/2 696/1/2 701/1/2
f 701/1/2 696/1/2 702/1/2
f 703/2/2 704/2/2 707/2/2
f 707/2/2 704/2/2 708/2/2
f 705/2/2 706/2/2 709/2/2
f 709/2/2 706/2/2 710/2/2
f 711/2/2 712/2/2 714/2/2
f 714/2/2 712/2/2 715/2/2
f 713/2/2 714/2/2 718/2/2
f 715/2/2 716/2/2 718/2/2
f 714/2/2 715/2/2 718/2/2
f 718/2/2 716/2/2 719/2/2
f 718/2/2 719/2/2 721/2/2
f 719/2/2 720/2/2 721/2/2
f 717/2/2 718/2/2 721/2/2
f 721/2/2 720/2/2 722/2/2
f 722/2/2 720/2/2 723/2/2
f 723/2/2 720/2/2 724/2/2
f 722/2/2 723/2/2 725/2/2
f 725/2/2 723/2/2 726/2/2
f 726/2/2 723/2/2 727/2/2
f 727/2/2 723/2/2 728/2/2
f 726/2/2 727/2/2 729/2/2
f 729/2/2 727/2/2 730/2/2
f 731/4/2 732/4/2 736/4/2
f 736/4/2 732/4/2 737/4/2
f 733/4/2 734/4/2 738/4/2
f 738/4/2 734/4/2 739/4/2
f 735/1/2 736/1/2 741/1/2
f 739/1/2 740/1/2 743/1/2
f 735/1/2 741/1/2 744/1/2
f 744/1/2 741/1/2 745/1/2
f 742/4/2 743/4/2 746/4/2
f 743/1/2 740/1/2 746/1/2
f 746/1/2 740/1/2 747/1/2
f 742/4/2 746/4/2 748/4/2
f 748/4/2 746/4/2 749/4/2
f 750/4/2 751/4/2 752/4/2
f 752/4/2 751/4/2 753/4/2
f 754/1/2 755/1/2 758/1/2
f 758/1/2 755/1/2 759/1/2
f 756/1/2 757/1/2 760/1/2
f 760/1/2 757/1/2 761/1/2
f 762/1/2 763/1/2 766/1/2
f 766/1/2 763/1/2 767/1/2
f 764/1/2 765/1/2 769/1/2
f 769/1/2 765/1/2 770/1/2
f 768/2/2 769/2/2 771/2/2
f 771/2/2 769/2/2 772/2/2
f 773/1/2 774/1/2 777/1/2
f 777/1/2 774/1/2 778/1/2
f 775/1/2 776/1/2 780/1/2
f 780/1/2 776/1/2 781/1/2
f 779/3/2 780/3/2 784/3/2
f 784/3/2 780/3/2 785/3/2
f 782/1/2 783/1/2 787/1/2
f 787/1/2 783/1/2 788/1/2
f 785/1/2 786/1/2 789/1/2
f 789/1/2 786/1/2 790/1/2
f 791/1/2 792/1/2 795/1/2
f 795/1/2 792/1/2 796/1/2
f 793/1/2 794/1/2 797/1/2
f 797/1/2 794/1/2 798/1/2
f 799/1/2 800/1/2 803/1/2
f 803/1/2 800/1/2 804/1/2
f 801/1/2 802/1/2 806/1/2
f 806/1/2 802/1/2 807/1/2
f 805/2/2 806/2/2 808/2/2
f 808/2/2 806/2/2 809/2/2
f 810/4/2 811/4/2 812/4/2
f 812/4/2 811/4/2 813/4/2
f 814/1/2 815/1/2 818/1/2
f 818/1/2 815/1/2 819/1/2
f 816/1/2 817/1/2 820/1/2
f 820/1/2 817/1/2 821/1/2
f 822/1/2 823/1/2 826/1/2
f 826/1/2 823/1/2 827/1/2
f 824/1/2 825/1/2 828/1/2
f 828/1/2 825/1/2 829/1/2
f 830/4/2 831/4/2 832/4/2
f 832/4/2 831/4/2 833/4/2
f 834/2/2 835/2/2 838/2/2
f 838/2/2 835/2/2 839/2/2
f 836/2/2 837/2/2 840/2/2
f 840/2/2 837/2/2 841/2/2
f 842/2/2 843/2/2 844/2/2
f 844/2/2 843/2/2 845/2/2
f 846/4/2 847/4/2 848/4/2
f 848/4/2 847/4/2 849/4/2
f 850/2/2 851/2/2 854/2/2
f 854/2/2 851/2/2 855/2/2
f 852/2/2 853/2/2 856/2/2
f 856/2/2 853/2/2 857/2/2
f 854/4/2 855/4/2 858/4/2
f 858/4/2 855/4/2 859/4/2
f 860/4/2 861/4/2 862/4/2
f 862/4/2 861/4/2 863/4/2
f 864/4/2 865/4/2 866/4/2
f 866/4/2 865/4/2 867/4/2
f 868/1/2 869/1/2 872/1/2
f 872/1/2 869/1/2 873/1/2
f 870/1/2 871/1/2 874/1/2
f 874/1/2 871/1/2 875/1/2
f 876/1/2 877/1/2 880/1/2
f 880/1/2 877/1/2 881/1/2
f 878/1/2 879/1/2 882/1/2
f 882/1/2 879/1/2 883/1/2
f 884/1/2 885/1/2 888/1/2
f 888/1/2 885/1/2 889/1/2
f 886/1/2 887/1/2 890/1/2
f 890/1/2 887/1/2 891/1/2
f 892/1/2 893/1/2 896/1/2
f 896/1/2 893/1/2 897/1/2
f 894/1/2 895/1/2 898/1/2
f 898/1/2 895/1/2 899/1/2
f 900/4/2 901/4/2 902/4/2
f 902/4/2 901/4/2 903/4/2
f 903/4/2 901/4/2 904/4/2
f 905/2/2 906/2/2 909/2/2
f 909/2/2 906/2/2 910/2/2
f 907/2/2 908/2/2 911/2/2
f 911/2/2 908/2/2 912/2/2
f 913/1/2 914/1/2 917/1/2
f 917/1/2 914/1/2 918/1/2
f 915/1/2 916/1/2 919/1/2
f 919/1/2 916/1/2 920/1/2
f 921/1/2 922/1/2 925/1/2
f 925/1/2 922/1/2 926/1/2
f 923/1/2 924/1/2 927/1/2
f 927/1/2 924/1/2 928/1/2
f 929/1/2 930/1/2 933/1/2
f 933/1/2 930/1/2 934/1/2
f 931/1/2 932/1/2 935/1/2
f 935/1/2 932/1/2 936/1/2
f 937/2/2 938/2/2 941/2/2
f 941/2/2 938/2/2 942/2/2
f 939/2/2 940/2/2 943/2/2
f 943/2/2 940/2/2 944/2/2
f 945/2/2 946/2/2 949/2/2
f 949/2/2 946/2/2 950/2/2
f 947/2/2 948/2/2 951/2/2
f 951/2/2 948/2/2 952/2/2
f 953/2/2 954/2/2 957/2/2
f 957/2/2 954/2/2 958/2/2
f 955/2/2 956/2/2 959/2/2
f 959/2/2 956/2/2 960/2/2
f 961/2/2 962/2/2 965/2/2
f 965/2/2 962/2/2 966/2/2
f 963/2/2 964/2/2 967/2/2
f 967/2/2 964/2/2 968/2/2
f 969/2/2 970/2/2 973/2/2
f 973/2/2 970/2/2 974/2/2
f 971/2/2 972/2/2 975/2/2
f 975/2/2 972/2/2 976/2/2
f 977/2/2 978/2/2 981/2/2
f 981/2/2 978/2/2 982/2/2
f 979/2/2 980/2/2 983/2/2
f 983/2/2 980/2/2 984/2/2
f 985/2/2 986/2/2 987/2/2
f 987/2/2 986/2/2 988/2/2
f 989/2/2 990/2/2 991/2/2
f 991/2/2 990/2/2 992/2/2
f 993/2/2 994/2/2 997/2/2
f 997/2/2 994/2/2 998/2/2
f 995/2/2 996/2/2 999/2/2
f 999/2/2 996/2/2 1000/2/2
f 1001/1/2 1002/1/2 1005/1/2
f 1005/1/2 1002/1/2 1006/1/2
f 1003/1/2 1004/1/2 1007/1/2
f 1007/1/2 1004/1/2 1008/1/2
f 1009/1/2 1010/1/2 1013/1/2
f 1013/1/2 1010/1/2 1014/1/2
f 1011/1/2 1012/1/2 1015/1/2
f 1015/1/2 1012/1/2 1016/1/2
f 1017/1/2 1018/1/2 1021/1/2
f 1021/1/2 1018/1/2 1022/1/2
f 1019/1/2 1020/1/2 1023/1/2
f 1023/1/2 1020/1/2 1024/1/2
f 1025/1/2 1026/1/2 1029/1/2
f 1029/1/2 1026/1/2 1030/1/2
f 1027/1/2 1028/1/2 1031/1/2
f 1031/1/2 1028/1/2 1032/1/2
f 1033/1/2 1034/1/2 1037/1/2
f 1037/1/2 1034/1/2 1038/1/2
f 1035/1/2 1036/1/2 1039/1/2
f 1039/1/2 1036/1/2 1040/1/2
f 1041/1/2 1042/1/2 1045/1/2
f 1045/1/2 1042/1/2 1046/1/2
f 1043/1/2 1044/1/2 1047/1/2
f 1047/1/2 1044/1/2 1048/1/2
f 1049/4/2 1050/4/2 1053/4/2
f 1053/4/2 1050/4/2 1054/4/2
f 1051/4/2 1052/4/2 1055/4/2
f 1055/4/2 1052/4/2 1056/4/2
f 1057/4/2 1058/4/2 1060/4/2
f 1060/4/2 1058/4/2 1061/4/2
f 1059/4/2 1060/4/2 1064/4/2
f 1061/4/2 1062/4/2 1064/4/2
f 1060/4/2 1061/4/2 1064/4/2
f 1064/4/2 1062/4/2 1065/4/2
f 1064/4/2 1065/4/2 1067/4/2
f 1065/4/2 1066/4/2 1067/4/2
f 1063/4/2 1064/4/2 1067/4/2
f 1067/4/2 1066/4/2 1068/4/2
f 1068/4/2 1066/4/2 1069/4/2
f 1069/4/2 1066/4/2 1070/4/2
f 1068/4/2 1069/4/2 1071/4/2
f 1071/4/2 1069/4/2 1072/4/2
f 1072/4/2 1069/4/2 1073/4/2
f 1073/4/2 1069/4/2 1074/4/2
f 1072/4/2 1073/4/2 1075/4/2
f 1075/4/2 1073/4/2 1076/4/2
f 1077/1/2 1078/1/2 1081/1/2
f 1081/1/2 1078/1/2 1082/1/2
f 1079/1/2 1080/1/2 1083/1/2
f 1083/1/2 1080/1/2 1084/1/2
f 1085/1/2 1086/1/2 1088/1/2
f 1088/1/2 1086/1/2 1089/1/2
f 1089/1/2 1086/1/2 1090/1/2
f 1090/1/2 1086/1/2 1091/1/2
f 1091/1/2 1086/1/2 1092/1/2
f 1092/1/2 1086/1/2 1093/1/2
f 1087/1/2 1088/1/2 1096/1/2
f 1088/1/2 1089/1/2 1096/1/2
f 1092/1/2 1093/1/2 1097/1/2
f 1093/1/2 1094/1/2 1097/1/2
f 1095/1/2 1096/1/2 1099/1/2
f 1096/1/2 1089/1/2 1099/1/2
f 1090/1/2 1091/1/2 1100/1/2
f 1100/1/2 1091/1/2 1101/1/2
f 1097/1/2 1098/1/2 1102/1/2
f 1092/1/2 1097/1/2 1102/1/2
f 1100/1/2 1101/1/2 1104/1/2
f 1101/1/2 1102/1/2 1104/1/2
f 1095/1/2 1099/1/2 1104/1/2
f 1099/1/2 1100/1/2 1104/1/2
f 1102/1/2 1098/1/2 1105/1/2
f 1104/1/2 1102/1/2 1105/1/2
f 1103/1/2 1104/1/2 1107/1/2
f 1105/1/2 1106/1/2 1107/1/2
f 1104/1/2 1105/1/2 1107/1/2
f 1107/1/2 1106/1/2 1108/1/2
f 1108/1/2 1106/1/2 1109/1/2
f 1109/1/2 1106/1/2 1110/1/2
f 1110/1/2 1106/1/2 1111/1/2
f 1111/1/2 1106/1/2 1112/1/2
f 1108/1/2 1109/1/2 1113/1/2
f 1113/1/2 1109/1/2 1114/1/2
f 1110/1/2 1111/1/2 1115/1/2
f 1115/1/2 1111/1/2 1116/1/2
f 1108/1/2 1113/1/2 1117/1/2
f 1117/1/2 1113/1/2 1118/1/2
f 1118/1/2 1113/1/2 1119/1/2
f 1119/1/2 1113/1/2 1120/1/2
f 1116/1/2 1111/1/2 1121/1/2
f 1121/1/2 1111/1/2 1122/1/2
f 1122/1/2 1111/1/2 1123/1/2
f 1123/1/2 1111/1/2 1124/1/2
f 1118/1/2 1119/1/2 1125/1/2
f 1122/1/2 1123/1/2 1128/1/2
f 1125/1/2 1126/1/2 1129/1/2
f 1118/1/2 1125/1/2 1129/1/2
f 1129/1/2 1126/1/2 1130/1/2
f 1127/1/2 1128/1/2 1133/1/2
f 1128/1/2 1123/1/2 1134/1/2
f 1133/1/2 1128/1/2 1134/1/2
f 1130/1/2 1131/1/2 1135/1/2
f 1129/1/2 1130/1/2 1135/1/2
f 1135/1/2 1131/1/2 1136/1/2
f 1136/1/2 1131/1/2 1137/1/2
f 1132/1/2 1133/1/2 1138/1/2
f 1133/1/2 1134/1/2 1138/1/2
f 1138/1/2 1134/1/2 1139/1/2
f 1139/1/2 1134/1/2 1140/1/2
f 1136/1/2 1137/1/2 1141/1/2
f 1138/1/2 1139/1/2 1141/1/2
f 1137/1/2 1138/1/2 1141/1/2
f 1141/1/2 1139/1/2 1142/1/2
f 1143/4/2 1144/4/2 1145/4/2
f 1145/4/2 1144/4/2 1146/4/2
f 1146/4/2 1144/4/2 1147/4/2
f 1147/4/2 1144/4/2 1148/4/2
f 1143/4/2 1145/4/2 1149/4/2
f 1149/4/2 1145/4/2 1150/4/2
f 1146/4/2 1147/4/2 1151/4/2
f 1151/4/2 1147/4/2 1152/4/2
f 1152/4/2 1147/4/2 1153/4/2
f 1153/4/2 1147/4/2 1154/4/2
f 1148/4/2 1144/4/2 1155/4/2
f 1155/4/2 1144/4/2 1156/4/2
f 1152/4/2 1153/4/2 1157/4/2
f 1157/4/2 1153/4/2 1158/4/2
f 1159/2/2 1160/2/2 1161/2/2
f 1161/2/2 1160/2/2 1162/2/2
f 1143/4/2 1149/4/2 1163/4/2
f 1159/2/2 1161/2/2 1166/2/2
f 1161/4/2 1162/4/2 1167/4/2
f 1166/2/2 1161/2/2 1167/2/2
f 1162/2/2 1160/2/2 1168/2/2
f 1167/4/2 1162/4/2 1168/4/2
f 1168/2/2 1160/2/2 1169/2/2
f 1156/4/2 1144/4/2 1172/4/2
f 1163/4/2 1164/4/2 1173/4/2
f 1165/2/2 1166/2/2 1176/2/2
f 1166/4/2 1167/4/2 1177/4/2
f 1168/4/2 1169/4/2 1177/4/2
f 1176/2/2 1166/2/2 1177/2/2
f 1167/4/2 1168/4/2 1177/4/2
f 1177/4/2 1169/4/2 1178/4/2
f 1178/4/2 1169/4/2 1179/4/2
f 1169/2/2 1170/2/2 1180/2/2
f 1179/4/2 1169/4/2 1180/4/2
f 1180/2/2 1170/2/2 1181/2/2
f 1171/4/2 1172/4/2 1184/4/2
f 1175/2/2 1176/2/2 1185/2/2
f 1176/4/2 1177/4/2 1186/4/2
f 1185/2/2 1176/2/2 1186/2/2
f 1177/4/2 1178/4/2 1186/4/2
f 1186/4/2 1178/4/2 1187/4/2
f 1187/4/2 1178/4/2 1188/4/2
f 1179/4/2 1180/4/2 1193/4/2
f 1180/4/2 1181/4/2 1193/4/2
f 1193/4/2 1181/4/2 1194/4/2
f 1181/2/2 1182/2/2 1195/2/2
f 1194/4/2 1181/4/2 1195/4/2
f 1195/2/2 1182/2/2 1196/2/2
f 1185/4/2 1186/4/2 1197/4/2
f 1186/4/2 1187/4/2 1197/4/2
f 1197/4/2 1187/4/2 1198/4/2
f 1195/4/2 1196/4/2 1199/4/2
f 1194/4/2 1195/4/2 1199/4/2
f 1199/4/2 1196/4/2 1200/4/2
f 1189/2/2 1190/2/2 1201/2/2
f 1201/2/2 1190/2/2 1202/2/2
f 1191/2/2 1192/2/2 1203/2/2
f 1203/2/2 1192/2/2 1204/2/2
f 1185/4/2 1197/4/2 1205/4/2
f 1205/4/2 1197/4/2 1206/4/2
f 1200/4/2 1196/4/2 1207/4/2
f 1207/4/2 1196/4/2 1208/4/2
f 1185/4/2 1205/4/2 1209/4/2
f 1208/4/2 1196/4/2 1214/4/2
f 1211/2/2 1212/2/2 1216/2/2
f 1216/2/2 1212/2/2 1217/2/2
f 1209/2/2 1210/2/2 1219/2/2
f 1217/2/2 1218/2/2 1222/2/2
f 1215/2/2 1216/2/2 1222/2/2
f 1216/2/2 1217/2/2 1222/2/2
f 1222/2/2 1218/2/2 1223/2/2
f 1213/2/2 1214/2/2 1226/2/2
f 1226/2/2 1214/2/2 1227/2/2
f 1225/2/2 1226/2/2 1227/2/2
f 1214/4/2 1196/4/2 1228/4/2
f 1227/2/2 1214/2/2 1228/2/2
f 1185/4/2 1209/4/2 1229/4/2
f 1219/2/2 1220/2/2 1229/2/2
f 1209/2/2 1219/2/2 1229/2/2
f 1229/2/2 1220/2/2 1230/2/2
f 1223/2/2 1224/2/2 1231/2/2
f 1221/2/2 1222/2/2 1231/2/2
f 1222/2/2 1223/2/2 1231/2/2
f 1231/2/2 1224/2/2 1232/2/2
f 1232/2/2 1224/2/2 1233/2/2
f 1233/2/2 1224/2/2 1234/2/2
f 1230/2/2 1220/2/2 1235/2/2
f 1229/4/2 1230/4/2 1235/4/2
f 1235/2/2 1220/2/2 1236/2/2
f 1232/2/2 1233/2/2 1237/2/2
f 1237/2/2 1233/2/2 1238/2/2
f 1238/2/2 1233/2/2 1239/2/2
f 1239/2/2 1233/2/2 1240/2/2
f 1225/2/2 1227/2/2 1241/2/2
f 1227/4/2 1228/4/2 1242/4/2
f 1241/2/2 1227/2/2 1242/2/2
f 1235/4/2 1236/4/2 1243/4/2
f 1238/2/2 1239/2/2 1245/2/2
f 1245/2/2 1239/2/2 1246/2/2
f 1241/4/2 1242/4/2 1248/4/2
f 1173/4/2 1174/4/2 1249/4/2
f 1163/4/2 1173/4/2 1249/4/2
f 1249/4/2 1174/4/2 1250/4/2
f 1243/4/2 1244/4/2 1251/4/2
f 1185/4/2 1229/4/2 1251/4/2
f 1229/4/2 1235/4/2 1251/4/2
f 1235/4/2 1243/4/2 1251/4/2
f 1251/4/2 1244/4/2 1252/4/2
f 1252/4/2 1244/4/2 1253/4/2
f 1247/4/2 1248/4/2 1254/4/2
f 1248/4/2 1242/4/2 1255/4/2
f 1242/4/2 1228/4/2 1255/4/2
f 1254/4/2 1248/4/2 1255/4/2
f 1228/4/2 1196/4/2 1255/4/2
f 1255/4/2 1196/4/2 1256/4/2
f 1183/4/2 1184/4/2 1257/4/2
f 1184/4/2 1172/4/2 1258/4/2
f 1257/4/2 1184/4/2 1258/4/2
f 1143/4/2 1163/4/2 1259/4/2
f 1163/4/2 1249/4/2 1259/4/2
f 1259/4/2 1249/4/2 1260/4/2
f 1254/4/2 1255/4/2 1261/4/2
f 1252/4/2 1253/4/2 1261/4/2
f 1253/4/2 1254/4/2 1261/4/2
f 1261/4/2 1255/4/2 1262/4/2
f 1262/4/2 1255/4/2 1263/4/2
f 1263/4/2 1255/4/2 1264/4/2
f 1258/4/2 1172/4/2 1265/4/2
f 1172/4/2 1144/4/2 1266/4/2
f 1265/4/2 1172/4/2 1266/4/2
f 1143/4/2 1259/4/2 1267/4/2
f 1267/4/2 1259/4/2 1268/4/2
f 1262/4/2 1263/4/2 1269/4/2
f 1269/4/2 1263/4/2 1270/4/2
f 1266/4/2 1144/4/2 1271/4/2
f 1271/4/2 1144/4/2 1272/4/2
f 1268/4/2 1259/4/2 1275/4/2
f 1273/4/2 1274/4/2 1278/4/2
f 1278/4/2 1274/4/2 1279/4/2
f 1266/4/2 1271/4/2 1282/4/2
f 1271/2/2 1272/2/2 1283/2/2
f 1282/4/2 1271/4/2 1283/4/2
f 1275/4/2 1276/4/2 1284/4/2
f 1279/4/2 1280/4/2 1285/4/2
f 1277/4/2 1278/4/2 1285/4/2
f 1278/4/2 1279/4/2 1285/4/2
f 1285/4/2 1280/4/2 1286/4/2
f 1286/4/2 1280/4/2 1287/4/2
f 1281/4/2 1282/4/2 1288/4/2
f 1282/2/2 1283/2/2 1289/2/2
f 1288/4/2 1282/4/2 1289/4/2
f 1267/2/2 1268/2/2 1290/2/2
f 1275/4/2 1284/4/2 1290/4/2
f 1268/4/2 1275/4/2 1290/4/2
f 1284/4/2 1285/4/2 1290/4/2
f 1285/4/2 1286/4/2 1290/4/2
f 1288/2/2 1289/2/2 1291/2/2
f 1290/4/2 1286/4/2 1291/4/2
f 1286/2/2 1287/2/2 1291/2/2
f 1287/2/2 1288/2/2 1291/2/2
f 1267/2/2 1290/2/2 1292/2/2
f 1290/2/2 1291/2/2 1292/2/2
f 1283/2/2 1272/2/2 1293/2/2
f 1292/2/2 1291/2/2 1293/2/2
f 1289/2/2 1283/2/2 1293/2/2
f 1291/2/2 1289/2/2 1293/2/2
f 1294/1/2 1295/1/2 1296/1/2
f 1296/1/2 1295/1/2 1297/1/2
f 1298/1/2 1299/1/2 1303/1/2
f 1303/1/2 1299/1/2 1304/1/2
f 1300/1/2 1301/1/2 1307/1/2
f 1307/1/2 1301/1/2 1308/1/2
f 1304/1/2 1305/1/2 1310/1/2
f 1306/1/2 1307/1/2 1311/1/2
f 1302/1/2 1303/1/2 1312/1/2
f 1303/3/2 1304/3/2 1312/3/2
f 1312/3/2 1304/3/2 1313/3/2
f 1310/1/2 1311/1/2 1314/1/2
f 1304/1/2 1310/1/2 1314/1/2
f 1311/1/2 1307/1/2 1315/1/2
f 1314/1/2 1311/1/2 1315/1/2
f 1307/3/2 1308/3/2 1316/3/2
f 1308/1/2 1309/1/2 1317/1/2
f 1316/3/2 1308/3/2 1317/3/2
f 1313/3/2 1304/3/2 1318/3/2
f 1312/2/2 1313/2/2 1318/2/2
f 1304/1/2 1314/1/2 1319/1/2
f 1318/3/2 1304/3/2 1319/3/2
f 1307/3/2 1316/3/2 1320/3/2
f 1315/1/2 1307/1/2 1320/1/2
f 1316/2/2 1317/2/2 1321/2/2
f 1320/3/2 1316/3/2 1321/3/2
f 1302/1/2 1312/1/2 1322/1/2
f 1312/2/2 1318/2/2 1323/2/2
f 1322/1/2 1312/1/2 1323/1/2
f 1318/2/2 1319/2/2 1323/2/2
f 1319/1/2 1314/1/2 1324/1/2
f 1323/2/2 1319/2/2 1324/2/2
f 1324/1/2 1314/1/2 1325/1/2
f 1315/1/2 1320/1/2 1326/1/2
f 1320/2/2 1321/2/2 1327/2/2
f 1326/1/2 1320/1/2 1327/1/2
f 1317/1/2 1309/1/2 1328/1/2
f 1327/2/2 1321/2/2 1328/2/2
f 1321/2/2 1317/2/2 1328/2/2
f 1328/1/2 1309/1/2 1329/1/2
f 1323/1/2 1324/1/2 1330/1/2
f 1330/1/2 1324/1/2 1331/1/2
f 1331/1/2 1324/1/2 1332/1/2
f 1332/1/2 1324/1/2 1333/1/2
f 1327/1/2 1328/1/2 1334/1/2
f 1334/1/2 1328/1/2 1335/1/2
f 1335/1/2 1328/1/2 1336/1/2
f 1336/1/2 1328/1/2 1337/1/2
f 1331/1/2 1332/1/2 1339/1/2
f 1339/1/2 1332/1/2 1340/1/2
f 1335/1/2 1336/1/2 1343/1/2
f 1343/1/2 1336/1/2 1344/1/2
f 1340/1/2 1341/1/2 1347/1/2
f 1338/1/2 1339/1/2 1347/1/2
f 1339/1/2 1340/1/2 1347/1/2
f 1347/1/2 1341/1/2 1348/1/2
f 1344/1/2 1345/1/2 1351/1/2
f 1343/1/2 1344/1/2 1351/1/2
f 1342/1/2 1343/1/2 1351/1/2
f 1351/1/2 1345/1/2 1352/1/2
f 1347/3/2 1348/3/2 1354/3/2
f 1348/1/2 1349/1/2 1355/1/2
f 1354/3/2 1348/3/2 1355/3/2
f 1355/1/2 1349/1/2 1356/1/2
f 1350/1/2 1351/1/2 1357/1/2
f 1351/3/2 1352/3/2 1358/3/2
f 1357/1/2 1351/1/2 1358/1/2
f 1358/3/2 1352/3/2 1359/3/2
f 1347/3/2 1354/3/2 1360/3/2
f 1346/1/2 1347/1/2 1360/1/2
f 1354/2/2 1355/2/2 1361/2/2
f 1360/3/2 1354/3/2 1361/3/2
f 1356/1/2 1357/1/2 1362/1/2
f 1355/1/2 1356/1/2 1362/1/2
f 1357/1/2 1358/1/2 1362/1/2
f 1362/1/2 1358/1/2 1363/1/2
f 1359/3/2 1352/3/2 1364/3/2
f 1358/2/2 1359/2/2 1364/2/2
f 1352/1/2 1353/1/2 1365/1/2
f 1364/3/2 1352/3/2 1365/3/2
f 1346/1/2 1360/1/2 1366/1/2
f 1360/2/2 1361/2/2 1367/2/2
f 1366/1/2 1360/1/2 1367/1/2
f 1361/2/2 1355/2/2 1368/2/2
f 1367/2/2 1361/2/2 1368/2/2
f 1355/1/2 1362/1/2 1368/1/2
f 1368/1/2 1362/1/2 1369/1/2
f 1363/1/2 1358/1/2 1370/1/2
f 1358/2/2 1364/2/2 1371/2/2
f 1370/1/2 1358/1/2 1371/1/2
f 1364/2/2 1365/2/2 1371/2/2
f 1365/1/2 1353/1/2 1372/1/2
f 1371/2/2 1365/2/2 1372/2/2
f 1372/1/2 1353/1/2 1373/1/2
f 1367/1/2 1368/1/2 1374/1/2
f 1374/1/2 1368/1/2 1375/1/2
f 1371/1/2 1372/1/2 1376/1/2
f 1376/1/2 1372/1/2 1377/1/2
f 1294/1/2 1296/1/2 1378/1/2
f 1297/1/2 1295/1/2 1379/1/2
f 1294/1/2 1378/1/2 1380/1/2
f 1378/1/2 1379/1/2 1380/1/2
f 1379/1/2 1295/1/2 1381/1/2
f 1380/1/2 1379/1/2 1381/1/2
f 1384/1/3 1383/1/3 1382/1/3
f 1385/1/3 1383/1/3 1384/1/3
f 1391/1/3 1387/1/3 1386/1/3
f 1392/1/3 1387/1/3 1391/1/3
f 1393/1/3 1387/1/3 1392/1/3
f 1396/1/3 1389/1/3 1388/1/3
f 1397/1/3 1389/1/3 1396/1/3
f 1398/1/3 1389/1/3 1397/1/3
f 1400/3/3 1392/3/3 1391/3/3
f 1400/2/3 1393/2/3 1392/2/3
f 1401/2/3 1393/2/3 1400/2/3
f 1402/1/3 1394/1/3 1393/1/3
f 1403/1/3 1396/1/3 1395/1/3
f 1404/1/3 1402/1/3 1393/1/3
f 1404/1/3 1403/1/3 1402/1/3
f 1405/1/3 1396/1/3 1403/1/3
f 1405/1/3 1403/1/3 1404/1/3
f 1406/3/3 1397/3/3 1396/3/3
f 1407/2/3 1398/2/3 1397/2/3
f 1407/3/3 1397/3/3 1406/3/3
f 1408/1/3 1391/1/3 1390/1/3
f 1409/3/3 1400/3/3 1391/3/3
f 1409/1/3 1391/1/3 1408/1/3
f 1409/3/3 1401/3/3 1400/3/3
f 1410/2/3 1393/2/3 1401/2/3
f 1410/3/3 1401/3/3 1409/3/3
f 1411/1/3 1404/1/3 1393/1/3
f 1411/2/3 1393/2/3 1410/2/3
f 1412/1/3 1404/1/3 1411/1/3
f 1413/1/3 1396/1/3 1405/1/3
f 1414/3/3 1406/3/3 1396/3/3
f 1414/1/3 1396/1/3 1413/1/3
f 1415/2/3 1407/2/3 1406/2/3
f 1415/3/3 1406/3/3 1414/3/3
f 1416/2/3 1398/2/3 1407/2/3
f 1416/2/3 1407/2/3 1415/2/3
f 1416/1/3 1399/1/3 1398/1/3
f 1417/1/3 1399/1/3 1416/1/3
f 1418/1/3 1411/1/3 1410/1/3
f 1418/1/3 1410/1/3 1409/1/3
f 1419/1/3 1411/1/3 1418/1/3
f 1420/1/3 1411/1/3 1419/1/3
f 1421/1/3 1411/1/3 1420/1/3
f 1422/1/3 1415/1/3 1414/1/3
f 1422/1/3 1416/1/3 1415/1/3
f 1423/1/3 1416/1/3 1422/1/3
f 1424/1/3 1416/1/3 1423/1/3
f 1425/1/3 1416/1/3 1424/1/3
f 1427/1/3 1420/1/3 1419/1/3
f 1428/1/3 1420/1/3 1427/1/3
f 1431/1/3 1424/1/3 1423/1/3
f 1432/1/3 1424/1/3 1431/1/3
f 1435/1/3 1429/1/3 1428/1/3
f 1435/1/3 1427/1/3 1426/1/3
f 1435/1/3 1428/1/3 1427/1/3
f 1436/1/3 1429/1/3 1435/1/3
f 1437/1/3 1429/1/3 1436/1/3
f 1440/1/3 1433/1/3 1432/1/3
f 1440/1/3 1432/1/3 1431/1/3
f 1440/1/3 1431/1/3 1430/1/3
f 1441/1/3 1433/1/3 1440/1/3
f 1442/1/3 1433/1/3 1441/1/3
f 1444/2/3 1442/2/3 1441/2/3
f 1444/3/3 1441/3/3 1440/3/3
f 1445/2/3 1442/2/3 1444/2/3
f 1446/1/3 1438/1/3 1437/1/3
f 1447/1/3 1440/1/3 1439/1/3
f 1448/3/3 1436/3/3 1435/3/3
f 1449/2/3 1437/2/3 1436/2/3
f 1449/3/3 1436/3/3 1448/3/3
f 1450/1/3 1447/1/3 1446/1/3
f 1450/1/3 1446/1/3 1437/1/3
f 1451/1/3 1440/1/3 1447/1/3
f 1451/1/3 1447/1/3 1450/1/3
f 1452/1/3 1435/1/3 1434/1/3
f 1453/3/3 1448/3/3 1435/3/3
f 1453/1/3 1435/1/3 1452/1/3
f 1454/2/3 1449/2/3 1448/2/3
f 1454/3/3 1448/3/3 1453/3/3
f 1455/2/3 1437/2/3 1449/2/3
f 1455/2/3 1449/2/3 1454/2/3
f 1455/1/3 1450/1/3 1437/1/3
f 1456/1/3 1450/1/3 1455/1/3
f 1457/1/3 1440/1/3 1451/1/3
f 1458/3/3 1444/3/3 1440/3/3
f 1458/1/3 1440/1/3 1457/1/3
f 1458/3/3 1445/3/3 1444/3/3
f 1459/2/3 1442/2/3 1445/2/3
f 1459/3/3 1445/3/3 1458/3/3
f 1460/1/3 1443/1/3 1442/1/3
f 1460/2/3 1442/2/3 1459/2/3
f 1461/1/3 1443/1/3 1460/1/3
f 1462/1/3 1454/1/3 1453/1/3
f 1462/1/3 1455/1/3 1454/1/3
f 1463/1/3 1455/1/3 1462/1/3
f 1464/1/3 1459/1/3 1458/1/3
f 1464/1/3 1460/1/3 1459/1/3
f 1465/1/3 1460/1/3 1464/1/3
f 1466/1/3 1384/1/3 1382/1/3
f 1467/1/3 1383/1/3 1385/1/3
f 1468/1/3 1466/1/3 1382/1/3
f 1468/1/3 1467/1/3 1466/1/3
f 1469/1/3 1383/1/3 1467/1/3
f 1469/1/3 1467/1/3 1468/1/3
f 1473/4/3 1471/4/3 1470/4/3
f 1473/2/3 1472/2/3 1471/2/3
f 1474/2/3 1472/2/3 1473/2/3
f 1475/4/3 1473/4/3 1470/4/3
f 1475/4/3 1474/4/3 1473/4/3
f 1476/4/3 1474/4/3 1475/4/3
f 1477/4/3 1474/4/3 1476/4/3
f 1478/4/3 1474/4/3 1477/4/3
f 1479/4/3 1475/4/3 1470/4/3
f 1480/4/3 1475/4/3 1479/4/3
f 1481/4/3 1477/4/3 1476/4/3
f 1482/4/3 1477/4/3 1481/4/3
f 1483/4/3 1477/4/3 1482/4/3
f 1484/4/3 1477/4/3 1483/4/3
f 1485/4/3 1474/4/3 1478/4/3
f 1486/4/3 1474/4/3 1485/4/3
f 1487/4/3 1483/4/3 1482/4/3
f 1488/4/3 1483/4/3 1487/4/3
f 1492/4/3 1479/4/3 1470/4/3
f 1495/2/3 1490/2/3 1489/2/3
f 1496/4/3 1491/4/3 1490/4/3
f 1496/2/3 1490/2/3 1495/2/3
f 1497/4/3 1491/4/3 1496/4/3
f 1500/4/3 1474/4/3 1486/4/3
f 1501/4/3 1493/4/3 1492/4/3
f 1504/2/3 1495/2/3 1494/2/3
f 1505/4/3 1498/4/3 1497/4/3
f 1505/4/3 1497/4/3 1496/4/3
f 1505/2/3 1495/2/3 1504/2/3
f 1505/4/3 1496/4/3 1495/4/3
f 1506/4/3 1498/4/3 1505/4/3
f 1507/4/3 1498/4/3 1506/4/3
f 1508/4/3 1498/4/3 1507/4/3
f 1509/4/3 1498/4/3 1508/4/3
f 1512/4/3 1500/4/3 1499/4/3
f 1513/2/3 1504/2/3 1503/2/3
f 1514/4/3 1505/4/3 1504/4/3
f 1514/2/3 1504/2/3 1513/2/3
f 1514/4/3 1506/4/3 1505/4/3
f 1515/4/3 1506/4/3 1514/4/3
f 1516/4/3 1506/4/3 1515/4/3
f 1517/2/3 1508/2/3 1507/2/3
f 1518/2/3 1508/2/3 1517/2/3
f 1519/4/3 1510/4/3 1509/4/3
f 1519/2/3 1508/2/3 1518/2/3
f 1519/4/3 1509/4/3 1508/4/3
f 1520/4/3 1510/4/3 1519/4/3
f 1521/4/3 1514/4/3 1513/4/3
f 1521/4/3 1515/4/3 1514/4/3
f 1522/4/3 1515/4/3 1521/4/3
f 1523/2/3 1520/2/3 1519/2/3
f 1523/2/3 1519/2/3 1518/2/3
f 1524/4/3 1510/4/3 1520/4/3
f 1524/2/3 1520/2/3 1523/2/3
f 1525/4/3 1510/4/3 1524/4/3
f 1526/4/3 1521/4/3 1513/4/3
f 1527/4/3 1521/4/3 1526/4/3
f 1528/4/3 1510/4/3 1525/4/3
f 1529/4/3 1510/4/3 1528/4/3
f 1535/2/3 1531/2/3 1530/2/3
f 1536/2/3 1531/2/3 1535/2/3
f 1538/2/3 1533/2/3 1532/2/3
f 1539/2/3 1533/2/3 1538/2/3
f 1541/2/3 1537/2/3 1536/2/3
f 1541/2/3 1535/2/3 1534/2/3
f 1541/2/3 1536/2/3 1535/2/3
f 1542/2/3 1537/2/3 1541/2/3
f 1546/2/3 1543/2/3 1542/2/3
f 1546/2/3 1541/2/3 1540/2/3
f 1546/2/3 1542/2/3 1541/2/3
f 1547/2/3 1543/2/3 1546/2/3
f 1548/2/3 1543/2/3 1547/2/3
f 1549/2/3 1543/2/3 1548/2/3
f 1550/2/3 1545/2/3 1544/2/3
f 1551/2/3 1545/2/3 1550/2/3
f 1552/2/3 1548/2/3 1547/2/3
f 1553/2/3 1548/2/3 1552/2/3
f 1554/2/3 1548/2/3 1553/2/3
f 1555/2/3 1548/2/3 1554/2/3
f 1556/2/3 1554/2/3 1553/2/3
f 1557/2/3 1554/2/3 1556/2/3
f 1558/4/3 1526/4/3 1513/4/3
f 1561/4/3 1510/4/3 1529/4/3
f 1562/4/3 1559/4/3 1558/4/3
f 1566/4/3 1561/4/3 1560/4/3
f 1567/2/3 1513/2/3 1503/2/3
f 1567/4/3 1558/4/3 1513/4/3
f 1567/4/3 1562/4/3 1558/4/3
f 1567/4/3 1563/4/3 1562/4/3
f 1568/4/3 1563/4/3 1567/4/3
f 1569/4/3 1563/4/3 1568/4/3
f 1572/2/3 1565/2/3 1564/2/3
f 1573/2/3 1565/2/3 1572/2/3
f 1574/4/3 1566/4/3 1565/4/3
f 1574/2/3 1565/2/3 1573/2/3
f 1575/4/3 1512/4/3 1511/4/3
f 1575/4/3 1474/4/3 1500/4/3
f 1575/4/3 1500/4/3 1512/4/3
f 1576/2/3 1472/2/3 1474/2/3
f 1576/4/3 1474/4/3 1575/4/3
f 1577/4/3 1502/4/3 1501/4/3
f 1577/4/3 1501/4/3 1492/4/3
f 1578/4/3 1502/4/3 1577/4/3
f 1579/2/3 1567/2/3 1503/2/3
f 1579/2/3 1568/2/3 1567/2/3
f 1580/4/3 1570/4/3 1569/4/3
f 1580/2/3 1568/2/3 1579/2/3
f 1580/4/3 1569/4/3 1568/4/3
f 1581/4/3 1570/4/3 1580/4/3
f 1582/4/3 1570/4/3 1581/4/3
f 1583/2/3 1573/2/3 1572/2/3
f 1583/2/3 1572/2/3 1571/2/3
f 1584/4/3 1574/4/3 1573/4/3
f 1584/2/3 1573/2/3 1583/2/3
f 1585/4/3 1566/4/3 1574/4/3
f 1585/4/3 1574/4/3 1584/4/3
f 1585/4/3 1561/4/3 1566/4/3
f 1585/4/3 1510/4/3 1561/4/3
f 1586/4/3 1510/4/3 1585/4/3
f 1587/4/3 1575/4/3 1511/4/3
f 1588/4/3 1575/4/3 1587/4/3
f 1589/4/3 1492/4/3 1470/4/3
f 1589/4/3 1577/4/3 1492/4/3
f 1590/4/3 1577/4/3 1589/4/3
f 1591/2/3 1581/2/3 1580/2/3
f 1592/4/3 1584/4/3 1583/4/3
f 1592/2/3 1581/2/3 1591/2/3
f 1592/4/3 1583/4/3 1582/4/3
f 1592/4/3 1582/4/3 1581/4/3
f 1592/4/3 1585/4/3 1584/4/3
f 1593/4/3 1585/4/3 1592/4/3
f 1594/4/3 1585/4/3 1593/4/3
f 1595/4/3 1585/4/3 1594/4/3
f 1596/4/3 1575/4/3 1588/4/3
f 1597/2/3 1576/2/3 1575/2/3
f 1597/4/3 1575/4/3 1596/4/3
f 1598/2/3 1593/2/3 1592/2/3
f 1599/4/3 1594/4/3 1593/4/3
f 1599/2/3 1593/2/3 1598/2/3
f 1600/4/3 1594/4/3 1599/4/3
f 1603/4/3 1589/4/3 1470/4/3
f 1606/4/3 1602/4/3 1601/4/3
f 1607/4/3 1602/4/3 1606/4/3
f 1610/2/3 1576/2/3 1597/2/3
f 1611/4/3 1604/4/3 1603/4/3
f 1612/4/3 1608/4/3 1607/4/3
f 1612/4/3 1607/4/3 1606/4/3
f 1612/4/3 1606/4/3 1605/4/3
f 1613/4/3 1608/4/3 1612/4/3
f 1614/4/3 1610/4/3 1609/4/3
f 1615/2/3 1576/2/3 1610/2/3
f 1615/4/3 1610/4/3 1614/4/3
f 1616/4/3 1613/4/3 1612/4/3
f 1616/4/3 1614/4/3 1613/4/3
f 1616/4/3 1612/4/3 1611/4/3
f 1617/2/3 1615/2/3 1614/2/3
f 1617/4/3 1614/4/3 1616/4/3
f 1618/4/3 1611/4/3 1603/4/3
f 1618/4/3 1616/4/3 1611/4/3
f 1618/4/3 1603/4/3 1470/4/3
f 1619/2/3 1617/2/3 1616/2/3
f 1619/4/3 1616/4/3 1618/4/3
f 1620/2/3 1615/2/3 1617/2/3
f 1620/2/3 1617/2/3 1619/2/3
f 1620/2/3 1472/2/3 1576/2/3
f 1620/2/3 1576/2/3 1615/2/3
f 1623/4/3 1622/4/3 1621/4/3
f 1624/4/3 1622/4/3 1623/4/3
f 1628/1/3 1626/1/3 1625/1/3
f 1629/1/3 1626/1/3 1628/1/3
f 1632/1/3 1628/1/3 1627/1/3
f 1632/1/3 1630/1/3 1629/1/3
f 1632/1/3 1629/1/3 1628/1/3
f 1633/1/3 1630/1/3 1632/1/3
f 1637/1/3 1632/1/3 1631/1/3
f 1637/1/3 1635/1/3 1634/1/3
f 1637/1/3 1634/1/3 1633/1/3
f 1637/1/3 1633/1/3 1632/1/3
f 1638/1/3 1635/1/3 1637/1/3
f 1640/1/3 1637/1/3 1636/1/3
f 1640/1/3 1639/1/3 1638/1/3
f 1640/1/3 1638/1/3 1637/1/3
f 1641/1/3 1639/1/3 1640/1/3
f 1642/1/3 1640/1/3 1636/1/3
f 1643/1/3 1640/1/3 1642/1/3
f 1644/1/3 1640/1/3 1643/1/3
f 1645/1/3 1640/1/3 1644/1/3
f 1646/1/3 1639/1/3 1641/1/3
f 1647/1/3 1639/1/3 1646/1/3
f 1648/1/3 1642/1/3 1636/1/3
f 1649/1/3 1644/1/3 1643/1/3
f 1650/1/3 1644/1/3 1649/1/3
f 1651/1/3 1644/1/3 1650/1/3
f 1652/1/3 1639/1/3 1647/1/3
f 1653/1/3 1639/1/3 1652/1/3
f 1654/1/3 1648/1/3 1636/1/3
f 1654/1/3 1649/1/3 1648/1/3
f 1654/1/3 1650/1/3 1649/1/3
f 1655/1/3 1650/1/3 1654/1/3
f 1656/1/3 1650/1/3 1655/1/3
f 1659/1/3 1639/1/3 1653/1/3
f 1660/1/3 1654/1/3 1636/1/3
f 1661/1/3 1657/1/3 1656/1/3
f 1661/1/3 1656/1/3 1655/1/3
f 1662/1/3 1657/1/3 1661/1/3
f 1665/1/3 1659/1/3 1658/1/3
f 1666/1/3 1663/1/3 1662/1/3
f 1666/1/3 1661/1/3 1660/1/3
f 1666/1/3 1662/1/3 1661/1/3
f 1667/1/3 1665/1/3 1664/1/3
f 1668/1/3 1660/1/3 1636/1/3
f 1668/1/3 1667/1/3 1666/1/3
f 1668/1/3 1666/1/3 1660/1/3
f 1669/1/3 1667/1/3 1668/1/3
f 1670/1/3 1665/1/3 1667/1/3
f 1670/1/3 1667/1/3 1669/1/3
f 1670/1/3 1639/1/3 1659/1/3
f 1670/1/3 1659/1/3 1665/1/3
f 1671/1/3 1639/1/3 1670/1/3
f 1672/1/3 1670/1/3 1669/1/3
f 1673/1/3 1670/1/3 1672/1/3
f 1674/1/3 1670/1/3 1673/1/3
f 1675/1/3 1670/1/3 1674/1/3
f 1676/1/3 1670/1/3 1675/1/3
f 1677/1/3 1674/1/3 1673/1/3
f 1678/1/3 1674/1/3 1677/1/3
f 1679/1/3 1674/1/3 1678/1/3
f 1680/1/3 1674/1/3 1679/1/3
f 1681/1/3 1679/1/3 1678/1/3
f 1682/1/3 1679/1/3 1681/1/3
f 1685/4/3 1684/4/3 1683/4/3
f 1686/4/3 1684/4/3 1685/4/3
f 1691/1/3 1688/1/3 1687/1/3
f 1692/1/3 1688/1/3 1691/1/3
f 1693/1/3 1690/1/3 1689/1/3
f 1694/1/3 1690/1/3 1693/1/3
f 1700/4/3 1696/4/3 1695/4/3
f 1701/4/3 1696/4/3 1700/4/3
f 1703/4/3 1698/4/3 1697/4/3
f 1704/4/3 1698/4/3 1703/4/3
f 1706/4/3 1702/4/3 1701/4/3
f 1706/4/3 1700/4/3 1699/4/3
f 1706/4/3 1701/4/3 1700/4/3
f 1707/4/3 1702/4/3 1706/4/3
f 1711/4/3 1708/4/3 1707/4/3
f 1711/4/3 1706/4/3 1705/4/3
f 1711/4/3 1707/4/3 1706/4/3
f 1712/4/3 1708/4/3 1711/4/3
f 1713/4/3 1708/4/3 1712/4/3
f 1714/4/3 1708/4/3 1713/4/3
f 1715/4/3 1710/4/3 1709/4/3
f 1716/4/3 1710/4/3 1715/4/3
f 1717/4/3 1713/4/3 1712/4/3
f 1718/4/3 1713/4/3 1717/4/3
f 1719/4/3 1713/4/3 1718/4/3
f 1720/4/3 1713/4/3 1719/4/3
f 1721/4/3 1719/4/3 1718/4/3
f 1722/4/3 1719/4/3 1721/4/3
f 1727/1/3 1724/1/3 1723/1/3
f 1728/1/3 1724/1/3 1727/1/3
f 1729/1/3 1726/1/3 1725/1/3
f 1730/1/3 1726/1/3 1729/1/3
f 1739/1/3 1732/1/3 1731/1/3
f 1740/1/3 1732/1/3 1739/1/3
f 1741/1/3 1734/1/3 1733/1/3
f 1742/1/3 1734/1/3 1741/1/3
f 1743/1/3 1736/1/3 1735/1/3
f 1744/1/3 1736/1/3 1743/1/3
f 1745/1/3 1738/1/3 1737/1/3
f 1746/1/3 1738/1/3 1745/1/3
f 1749/4/3 1748/4/3 1747/4/3
f 1750/4/3 1748/4/3 1749/4/3
f 1759/1/3 1752/1/3 1751/1/3
f 1760/1/3 1752/1/3 1759/1/3
f 1761/1/3 1754/1/3 1753/1/3
f 1762/1/3 1754/1/3 1761/1/3
f 1763/1/3 1756/1/3 1755/1/3
f 1764/1/3 1756/1/3 1763/1/3
f 1765/1/3 1758/1/3 1757/1/3
f 1766/1/3 1758/1/3 1765/1/3
f 1769/1/3 1768/1/3 1767/1/3
f 1770/1/3 1768/1/3 1769/1/3
f 1773/1/3 1772/1/3 1771/1/3
f 1774/1/3 1772/1/3 1773/1/3
f 1777/2/3 1776/2/3 1775/2/3
f 1778/2/3 1776/2/3 1777/2/3
f 1781/2/3 1780/2/3 1779/2/3
f 1782/2/3 1780/2/3 1781/2/3
f 1785/2/3 1784/2/3 1783/2/3
f 1786/2/3 1784/2/3 1785/2/3
f 1793/2/3 1788/2/3 1787/2/3
f 1794/2/3 1788/2/3 1793/2/3
f 1795/2/3 1790/2/3 1789/2/3
f 1796/2/3 1790/2/3 1795/2/3
f 1797/2/3 1792/2/3 1791/2/3
f 1798/2/3 1792/2/3 1797/2/3
f 1805/2/3 1800/2/3 1799/2/3
f 1806/2/3 1800/2/3 1805/2/3
f 1807/2/3 1802/2/3 1801/2/3
f 1808/2/3 1802/2/3 1807/2/3
f 1809/2/3 1804/2/3 1803/2/3
f 1810/2/3 1804/2/3 1809/2/3
f 1817/2/3 1812/2/3 1811/2/3
f 1818/2/3 1812/2/3 1817/2/3
f 1819/2/3 1814/2/3 1813/2/3
f 1820/2/3 1814/2/3 1819/2/3
f 1821/1/3 1816/1/3 1815/1/3
f 1822/1/3 1816/1/3 1821/1/3
f 1825/1/3 1824/1/3 1823/1/3
f 1826/1/3 1824/1/3 1825/1/3
f 1831/2/3 1828/2/3 1827/2/3
f 1832/2/3 1828/2/3 1831/2/3
f 1833/2/3 1830/2/3 1829/2/3
f 1834/2/3 1830/2/3 1833/2/3
f 1837/2/3 1836/2/3 1835/2/3
f 1838/2/3 1836/2/3 1837/2/3
f 1843/1/3 1840/1/3 1839/1/3
f 1844/1/3 1840/1/3 1843/1/3
f 1845/1/3 1842/1/3 1841/1/3
f 1846/1/3 1842/1/3 1845/1/3
f 1853/1/3 1848/1/3 1847/1/3
f 1854/1/3 1848/1/3 1853/1/3
f 1855/1/3 1850/1/3 1849/1/3
f 1856/1/3 1850/1/3 1855/1/3
f 1857/2/3 1852/2/3 1851/2/3
f 1858/2/3 1852/2/3 1857/2/3
f 1865/1/3 1860/1/3 1859/1/3
f 1866/1/3 1860/1/3 1865/1/3
f 1867/1/3 1862/1/3 1861/1/3
f 1868/1/3 1862/1/3 1867/1/3
f 1869/1/3 1864/1/3 1863/1/3
f 1870/1/3 1864/1/3 1869/1/3
f 1877/1/3 1872/1/3 1871/1/3
f 1878/1/3 1872/1/3 1877/1/3
f 1879/1/3 1874/1/3 1873/1/3
f 1880/1/3 1874/1/3 1879/1/3
f 1881/1/3 1876/1/3 1875/1/3
f 1882/1/3 1876/1/3 1881/1/3
f 1885/1/3 1884/1/3 1883/1/3
f 1886/1/3 1884/1/3 1885/1/3
f 1889/1/3 1888/1/3 1887/1/3
f 1890/1/3 1888/1/3 1889/1/3
f 1895/4/3 1892/4/3 1891/4/3
f 1896/4/3 1892/4/3 1895/4/3
f 1897/4/3 1894/4/3 1893/4/3
f 1898/4/3 1894/4/3 1897/4/3
f 1903/4/3 1900/4/3 1899/4/3
f 1904/4/3 1900/4/3 1903/4/3
f 1905/4/3 1902/4/3 1901/4/3
f 1906/4/3 1902/4/3 1905/4/3
f 1912/4/3 1908/4/3 1907/4/3
f 1913/4/3 1908/4/3 1912/4/3
f 1914/2/3 1910/2/3 1909/2/3
f 1915/4/3 1911/4/3 1910/4/3
f 1915/2/3 1910/2/3 1914/2/3
f 1916/4/3 1911/4/3 1915/4/3
f 1922/4/3 1918/4/3 1917/4/3
f 1923/4/3 1918/4/3 1922/4/3
f 1924/2/3 1920/2/3 1919/2/3
f 1925/4/3 1921/4/3 1920/4/3
f 1925/2/3 1920/2/3 1924/2/3
f 1926/4/3 1921/4/3 1925/4/3
f 1931/4/3 1928/4/3 1927/4/3
f 1932/4/3 1928/4/3 1931/4/3
f 1933/2/3 1930/2/3 1929/2/3
f 1934/2/3 1930/2/3 1933/2/3
f 1939/4/3 1936/4/3 1935/4/3
f 1940/4/3 1936/4/3 1939/4/3
f 1941/2/3 1938/2/3 1937/2/3
f 1942/2/3 1938/2/3 1941/2/3
f 1951/1/3 1944/1/3 1943/1/3
f 1952/1/3 1944/1/3 1951/1/3
f 1953/1/3 1946/1/3 1945/1/3
f 1954/1/3 1946/1/3 1953/1/3
f 1957/1/3 1948/1/3 1947/1/3
f 1958/1/3 1948/1/3 1957/1/3
f 1959/1/3 1950/1/3 1949/1/3
f 1960/1/3 1950/1/3 1959/1/3
f 1961/4/3 1956/4/3 1955/4/3
f 1962/4/3 1956/4/3 1961/4/3
f 1969/4/3 1964/4/3 1963/4/3
f 1970/4/3 1964/4/3 1969/4/3
f 1975/1/3 1966/1/3 1965/1/3
f 1976/1/3 1966/1/3 1975/1/3
f 1977/1/3 1968/1/3 1967/1/3
f 1978/1/3 1968/1/3 1977/1/3
f 1979/1/3 1972/1/3 1971/1/3
f 1980/1/3 1972/1/3 1979/1/3
f 1981/1/3 1974/1/3 1973/1/3
f 1982/1/3 1974/1/3 1981/1/3
f 1991/1/3 1984/1/3 1983/1/3
f 1992/1/3 1984/1/3 1991/1/3
f 1993/1/3 1986/1/3 1985/1/3
f 1994/1/3 1986/1/3 1993/1/3
f 1995/1/3 1988/1/3 1987/1/3
f 1996/1/3 1988/1/3 1995/1/3
f 1997/1/3 1990/1/3 1989/1/3
f 1998/1/3 1990/1/3 1997/1/3
f 2007/1/3 2000/1/3 1999/1/3
f 2008/1/3 2000/1/3 2007/1/3
f 2009/1/3 2002/1/3 2001/1/3
f 2010/1/3 2002/1/3 2009/1/3
f 2011/1/3 2004/1/3 2003/1/3
f 2012/1/3 2004/1/3 2011/1/3
f 2013/1/3 2006/1/3 2005/1/3
f 2014/1/3 2006/1/3 2013/1/3
f 2017/1/3 2016/1/3 2015/1/3
f 2018/1/3 2016/1/3 2017/1/3
f 2019/1/3 2016/1/3 2018/1/3
f 2023/1/3 2021/1/3 2020/1/3
f 2023/1/3 2022/1/3 2021/1/3
f 2024/1/3 2022/1/3 2023/1/3
f 2030/2/3 2026/2/3 2025/2/3
f 2031/2/3 2026/2/3 2030/2/3
f 2033/2/3 2028/2/3 2027/2/3
f 2034/2/3 2028/2/3 2033/2/3
f 2036/2/3 2032/2/3 2031/2/3
f 2036/2/3 2030/2/3 2029/2/3
f 2036/2/3 2031/2/3 2030/2/3
f 2037/2/3 2032/2/3 2036/2/3
f 2041/2/3 2038/2/3 2037/2/3
f 2041/2/3 2036/2/3 2035/2/3
f 2041/2/3 2037/2/3 2036/2/3
f 2042/2/3 2038/2/3 2041/2/3
f 2043/2/3 2038/2/3 2042/2/3
f 2044/2/3 2038/2/3 2043/2/3
f 2045/2/3 2040/2/3 2039/2/3
f 2046/2/3 2040/2/3 2045/2/3
f 2047/2/3 2043/2/3 2042/2/3
f 2048/2/3 2043/2/3 2047/2/3
f 2049/2/3 2043/2/3 2048/2/3
f 2050/2/3 2043/2/3 2049/2/3
f 2051/2/3 2049/2/3 2048/2/3
f 2052/2/3 2049/2/3 2051/2/3
f 2055/1/3 2054/1/3 2053/1/3
f 2056/1/3 2054/1/3 2055/1/3
f 2057/1/3 2054/1/3 2056/1/3
f 2064/1/3 2059/1/3 2058/1/3
f 2065/1/3 2059/1/3 2064/1/3
f 2066/1/3 2061/1/3 2060/1/3
f 2067/1/3 2061/1/3 2066/1/3
f 2068/1/3 2063/1/3 2062/1/3
f 2069/1/3 2063/1/3 2068/1/3
f 2070/1/3 2068/1/3 2067/1/3
f 2071/1/3 2068/1/3 2070/1/3
f 2072/1/3 2068/1/3 2071/1/3
f 2073/1/3 2068/1/3 2072/1/3
f 2075/1/3 2072/1/3 2071/1/3
f 2076/1/3 2072/1/3 2075/1/3
f 2081/1/3 2075/1/3 2074/1/3
f 2081/1/3 2076/1/3 2075/1/3
f 2081/1/3 2077/1/3 2076/1/3
f 2082/1/3 2077/1/3 2081/1/3
f 2084/1/3 2079/1/3 2078/1/3
f 2085/1/3 2079/1/3 2084/1/3
f 2086/1/3 2081/1/3 2080/1/3
f 2087/1/3 2081/1/3 2086/1/3
f 2088/1/3 2083/1/3 2082/1/3
f 2089/1/3 2083/1/3 2088/1/3
f 2093/1/3 2091/1/3 2090/1/3
f 2093/1/3 2092/1/3 2091/1/3
f 2094/1/3 2092/1/3 2093/1/3
f 2095/1/4 2096/1/4 2097/1/4
f 2097/1/4 2096/1/4 2098/1/4
f 2098/1/4 2096/1/4 2099/1/4
f 2100/1/4 2101/1/4 2102/1/4
f 2102/1/4 2101/1/4 2103/1/4
f 2104/1/4 2105/1/4 2106/1/4
f 2106/1/4 2105/1/4 2107/1/4
f 2108/1/4 2109/1/4 2111/1/4
f 2109/1/4 2110/1/4 2111/1/4
f 2111/1/4 2110/1/4 2112/1/4
f 2113/2/4 2114/2/4 2118/2/4
f 2118/2/4 2114/2/4 2119/2/4
f 2115/2/4 2116/2/4 2123/2/4
f 2123/2/4 2116/2/4 2124/2/4
f 2117/2/4 2118/2/4 2126/2/4
f 2118/2/4 2119/2/4 2126/2/4
f 2119/2/4 2120/2/4 2126/2/4
f 2126/2/4 2120/2/4 2127/2/4
f 2121/4/4 2122/4/4 2129/4/4
f 2129/4/4 2122/4/4 2130/4/4
f 2127/2/4 2128/2/4 2133/2/4
f 2126/2/4 2127/2/4 2133/2/4
f 2125/2/4 2126/2/4 2133/2/4
f 2133/2/4 2128/2/4 2134/2/4
f 2134/2/4 2128/2/4 2135/2/4
f 2135/2/4 2128/2/4 2136/2/4
f 2131/2/4 2132/2/4 2137/2/4
f 2137/2/4 2132/2/4 2138/2/4
f 2134/2/4 2135/2/4 2139/2/4
f 2139/2/4 2135/2/4 2140/2/4
f 2140/2/4 2135/2/4 2141/2/4
f 2141/2/4 2135/2/4 2142/2/4
f 2140/2/4 2141/2/4 2143/2/4
f 2143/2/4 2141/2/4 2144/2/4
f 2145/1/4 2146/1/4 2147/1/4
f 2147/1/4 2146/1/4 2148/1/4
f 2148/1/4 2146/1/4 2149/1/4
f 2150/1/4 2151/1/4 2153/1/4
f 2151/1/4 2152/1/4 2153/1/4
f 2153/1/4 2152/1/4 2154/1/4
f 2155/1/4 2156/1/4 2163/1/4
f 2163/1/4 2156/1/4 2164/1/4
f 2157/1/4 2158/1/4 2165/1/4
f 2165/1/4 2158/1/4 2166/1/4
f 2159/1/4 2160/1/4 2167/1/4
f 2167/1/4 2160/1/4 2168/1/4
f 2161/1/4 2162/1/4 2169/1/4
f 2169/1/4 2162/1/4 2170/1/4
f 2171/1/4 2172/1/4 2179/1/4
f 2179/1/4 2172/1/4 2180/1/4
f 2173/1/4 2174/1/4 2181/1/4
f 2181/1/4 2174/1/4 2182/1/4
f 2175/1/4 2176/1/4 2183/1/4
f 2183/1/4 2176/1/4 2184/1/4
f 2177/1/4 2178/1/4 2185/1/4
f 2185/1/4 2178/1/4 2186/1/4
f 2187/1/4 2188/1/4 2195/1/4
f 2195/1/4 2188/1/4 2196/1/4
f 2189/1/4 2190/1/4 2197/1/4
f 2197/1/4 2190/1/4 2198/1/4
f 2191/1/4 2192/1/4 2203/1/4
f 2203/1/4 2192/1/4 2204/1/4
f 2193/1/4 2194/1/4 2205/1/4
f 2205/1/4 2194/1/4 2206/1/4
f 2199/4/4 2200/4/4 2207/4/4
f 2207/4/4 2200/4/4 2208/4/4
f 2201/4/4 2202/4/4 2209/4/4
f 2209/4/4 2202/4/4 2210/4/4
f 2211/4/4 2212/4/4 2217/4/4
f 2217/4/4 2212/4/4 2218/4/4
f 2213/1/4 2214/1/4 2223/1/4
f 2223/1/4 2214/1/4 2224/1/4
f 2215/1/4 2216/1/4 2225/1/4
f 2225/1/4 2216/1/4 2226/1/4
f 2219/1/4 2220/1/4 2227/1/4
f 2227/1/4 2220/1/4 2228/1/4
f 2221/1/4 2222/1/4 2229/1/4
f 2229/1/4 2222/1/4 2230/1/4
f 2231/4/4 2232/4/4 2235/4/4
f 2235/4/4 2232/4/4 2236/4/4
f 2233/2/4 2234/2/4 2237/2/4
f 2237/2/4 2234/2/4 2238/2/4
f 2239/4/4 2240/4/4 2243/4/4
f 2243/4/4 2240/4/4 2244/4/4
f 2241/2/4 2242/2/4 2245/2/4
f 2245/2/4 2242/2/4 2246/2/4
f 2247/4/4 2248/4/4 2252/4/4
f 2252/4/4 2248/4/4 2253/4/4
f 2249/2/4 2250/2/4 2254/2/4
f 2250/4/4 2251/4/4 2255/4/4
f 2254/2/4 2250/2/4 2255/2/4
f 2255/4/4 2251/4/4 2256/4/4
f 2257/4/4 2258/4/4 2262/4/4
f 2262/4/4 2258/4/4 2263/4/4
f 2259/2/4 2260/2/4 2264/2/4
f 2260/4/4 2261/4/4 2265/4/4
f 2264/2/4 2260/2/4 2265/2/4
f 2265/4/4 2261/4/4 2266/4/4
f 2267/4/4 2268/4/4 2271/4/4
f 2271/4/4 2268/4/4 2272/4/4
f 2269/4/4 2270/4/4 2273/4/4
f 2273/4/4 2270/4/4 2274/4/4
f 2275/4/4 2276/4/4 2279/4/4
f 2279/4/4 2276/4/4 2280/4/4
f 2277/4/4 2278/4/4 2281/4/4
f 2281/4/4 2278/4/4 2282/4/4
f 2283/1/4 2284/1/4 2285/1/4
f 2285/1/4 2284/1/4 2286/1/4
f 2287/1/4 2288/1/4 2289/1/4
f 2289/1/4 2288/1/4 2290/1/4
f 2291/1/4 2292/1/4 2297/1/4
f 2297/1/4 2292/1/4 2298/1/4
f 2293/1/4 2294/1/4 2299/1/4
f 2299/1/4 2294/1/4 2300/1/4
f 2295/1/4 2296/1/4 2301/1/4
f 2301/1/4 2296/1/4 2302/1/4
f 2303/1/4 2304/1/4 2309/1/4
f 2309/1/4 2304/1/4 2310/1/4
f 2305/1/4 2306/1/4 2311/1/4
f 2311/1/4 2306/1/4 2312/1/4
f 2307/1/4 2308/1/4 2313/1/4
f 2313/1/4 2308/1/4 2314/1/4
f 2315/2/4 2316/2/4 2317/2/4
f 2317/2/4 2316/2/4 2318/2/4
f 2319/1/4 2320/1/4 2323/1/4
f 2323/1/4 2320/1/4 2324/1/4
f 2321/1/4 2322/1/4 2325/1/4
f 2325/1/4 2322/1/4 2326/1/4
f 2327/1/4 2328/1/4 2333/1/4
f 2333/1/4 2328/1/4 2334/1/4
f 2329/1/4 2330/1/4 2335/1/4
f 2335/1/4 2330/1/4 2336/1/4
f 2331/2/4 2332/2/4 2337/2/4
f 2337/2/4 2332/2/4 2338/2/4
f 2339/2/4 2340/2/4 2345/2/4
f 2345/2/4 2340/2/4 2346/2/4
f 2341/2/4 2342/2/4 2347/2/4
f 2347/2/4 2342/2/4 2348/2/4
f 2343/1/4 2344/1/4 2349/1/4
f 2349/1/4 2344/1/4 2350/1/4
f 2351/1/4 2352/1/4 2353/1/4
f 2353/1/4 2352/1/4 2354/1/4
f 2355/2/4 2356/2/4 2359/2/4
f 2359/2/4 2356/2/4 2360/2/4
f 2357/2/4 2358/2/4 2361/2/4
f 2361/2/4 2358/2/4 2362/2/4
f 2363/2/4 2364/2/4 2369/2/4
f 2369/2/4 2364/2/4 2370/2/4
f 2365/2/4 2366/2/4 2371/2/4
f 2371/2/4 2366/2/4 2372/2/4
f 2367/2/4 2368/2/4 2373/2/4
f 2373/2/4 2368/2/4 2374/2/4
f 2375/2/4 2376/2/4 2381/2/4
f 2381/2/4 2376/2/4 2382/2/4
f 2377/2/4 2378/2/4 2383/2/4
f 2383/2/4 2378/2/4 2384/2/4
f 2379/2/4 2380/2/4 2385/2/4
f 2385/2/4 2380/2/4 2386/2/4
f 2387/2/4 2388/2/4 2389/2/4
f 2389/2/4 2388/2/4 2390/2/4
f 2391/2/4 2392/2/4 2393/2/4
f 2393/2/4 2392/2/4 2394/2/4
f 2395/1/4 2396/1/4 2397/1/4
f 2397/1/4 2396/1/4 2398/1/4
f 2399/1/4 2400/1/4 2401/1/4
f 2401/1/4 2400/1/4 2402/1/4
f 2403/1/4 2404/1/4 2411/1/4
f 2411/1/4 2404/1/4 2412/1/4
f 2405/1/4 2406/1/4 2413/1/4
f 2413/1/4 2406/1/4 2414/1/4
f 2407/1/4 2408/1/4 2415/1/4
f 2415/1/4 2408/1/4 2416/1/4
f 2409/1/4 2410/1/4 2417/1/4
f 2417/1/4 2410/1/4 2418/1/4
f 2419/1/4 2420/1/4 2427/1/4
f 2427/1/4 2420/1/4 2428/1/4
f 2421/1/4 2422/1/4 2429/1/4
f 2429/1/4 2422/1/4 2430/1/4
f 2423/1/4 2424/1/4 2431/1/4
f 2431/1/4 2424/1/4 2432/1/4
f 2425/1/4 2426/1/4 2433/1/4
f 2433/1/4 2426/1/4 2434/1/4
f 2435/1/4 2436/1/4 2439/1/4
f 2439/1/4 2436/1/4 2440/1/4
f 2437/1/4 2438/1/4 2441/1/4
f 2441/1/4 2438/1/4 2442/1/4
f 2443/4/4 2444/4/4 2448/4/4
f 2448/4/4 2444/4/4 2449/4/4
f 2445/4/4 2446/4/4 2451/4/4
f 2451/4/4 2446/4/4 2452/4/4
f 2449/4/4 2450/4/4 2454/4/4
f 2447/4/4 2448/4/4 2454/4/4
f 2448/4/4 2449/4/4 2454/4/4
f 2454/4/4 2450/4/4 2455/4/4
f 2455/4/4 2456/4/4 2459/4/4
f 2453/4/4 2454/4/4 2459/4/4
f 2454/4/4 2455/4/4 2459/4/4
f 2459/4/4 2456/4/4 2460/4/4
f 2460/4/4 2456/4/4 2461/4/4
f 2461/4/4 2456/4/4 2462/4/4
f 2457/4/4 2458/4/4 2463/4/4
f 2463/4/4 2458/4/4 2464/4/4
f 2460/4/4 2461/4/4 2465/4/4
f 2465/4/4 2461/4/4 2466/4/4
f 2466/4/4 2461/4/4 2467/4/4
f 2467/4/4 2461/4/4 2468/4/4
f 2466/4/4 2467/4/4 2469/4/4
f 2469/4/4 2467/4/4 2470/4/4
f 2471/1/4 2472/1/4 2475/1/4
f 2475/1/4 2472/1/4 2476/1/4
f 2473/1/4 2474/1/4 2477/1/4
f 2477/1/4 2474/1/4 2478/1/4
f 2479/4/4 2480/4/4 2485/4/4
f 2485/4/4 2480/4/4 2486/4/4
f 2481/4/4 2482/4/4 2487/4/4
f 2487/4/4 2482/4/4 2488/4/4
f 2483/4/4 2484/4/4 2489/4/4
f 2487/4/4 2488/4/4 2491/4/4
f 2488/4/4 2489/4/4 2491/4/4
f 2486/4/4 2487/4/4 2491/4/4
f 2491/4/4 2489/4/4 2492/4/4
f 2492/4/4 2489/4/4 2493/4/4
f 2493/4/4 2489/4/4 2494/4/4
f 2490/4/4 2491/4/4 2495/4/4
f 2491/4/4 2492/4/4 2495/4/4
f 2495/4/4 2492/4/4 2496/4/4
f 2492/1/4 2493/1/4 2497/1/4
f 2496/4/4 2492/4/4 2497/4/4
f 2497/1/4 2493/1/4 2498/1/4
f 2494/4/4 2489/4/4 2500/4/4
f 2500/4/4 2489/4/4 2501/4/4
f 2489/4/4 2484/4/4 2502/4/4
f 2501/4/4 2489/4/4 2502/4/4
f 2495/4/4 2496/4/4 2504/4/4
f 2498/1/4 2499/1/4 2505/1/4
f 2504/4/4 2496/4/4 2505/4/4
f 2496/1/4 2497/1/4 2505/1/4
f 2497/1/4 2498/1/4 2505/1/4
f 2505/1/4 2499/1/4 2506/1/4
f 2502/4/4 2503/4/4 2507/4/4
f 2501/4/4 2502/4/4 2507/4/4
f 2507/4/4 2503/4/4 2508/4/4
f 2495/4/4 2504/4/4 2509/4/4
f 2505/1/4 2506/1/4 2510/1/4
f 2509/4/4 2504/4/4 2510/4/4
f 2504/1/4 2505/1/4 2510/1/4
f 2507/1/4 2508/1/4 2510/1/4
f 2506/1/4 2507/1/4 2510/1/4
f 2508/4/4 2503/4/4 2511/4/4
f 2510/1/4 2508/1/4 2511/1/4
f 2511/4/4 2503/4/4 2512/4/4
f 2509/1/4 2510/1/4 2513/1/4
f 2510/1/4 2511/1/4 2513/1/4
f 2511/1/4 2512/1/4 2513/1/4
f 2513/1/4 2512/1/4 2514/1/4
f 2509/1/4 2513/1/4 2515/1/4
f 2515/1/4 2513/1/4 2516/1/4
f 2516/1/4 2513/1/4 2517/1/4
f 2517/1/4 2513/1/4 2518/1/4
f 2514/1/4 2512/1/4 2519/1/4
f 2519/1/4 2512/1/4 2520/1/4
f 2509/1/4 2515/1/4 2521/1/4
f 2516/1/4 2517/1/4 2522/1/4
f 2522/1/4 2517/1/4 2523/1/4
f 2523/1/4 2517/1/4 2524/1/4
f 2520/1/4 2512/1/4 2525/1/4
f 2525/1/4 2512/1/4 2526/1/4
f 2509/1/4 2521/1/4 2527/1/4
f 2521/1/4 2522/1/4 2527/1/4
f 2522/1/4 2523/1/4 2527/1/4
f 2527/1/4 2523/1/4 2528/1/4
f 2528/1/4 2523/1/4 2529/1/4
f 2526/1/4 2512/1/4 2532/1/4
f 2509/1/4 2527/1/4 2533/1/4
f 2529/1/4 2530/1/4 2534/1/4
f 2528/1/4 2529/1/4 2534/1/4
f 2534/1/4 2530/1/4 2535/1/4
f 2531/1/4 2532/1/4 2538/1/4
f 2535/1/4 2536/1/4 2539/1/4
f 2533/1/4 2534/1/4 2539/1/4
f 2534/1/4 2535/1/4 2539/1/4
f 2537/1/4 2538/1/4 2540/1/4
f 2495/4/4 2509/4/4 2541/4/4
f 2539/1/4 2540/1/4 2541/1/4
f 2509/1/4 2533/1/4 2541/1/4
f 2533/1/4 2539/1/4 2541/1/4
f 2541/1/4 2540/1/4 2542/1/4
f 2540/1/4 2538/1/4 2543/1/4
f 2542/1/4 2540/1/4 2543/1/4
f 2532/1/4 2512/1/4 2543/1/4
f 2538/1/4 2532/1/4 2543/1/4
f 2512/4/4 2503/4/4 2544/4/4
f 2543/1/4 2512/1/4 2544/1/4
f 2541/4/4 2542/4/4 2545/4/4
f 2542/1/4 2543/1/4 2545/1/4
f 2545/1/4 2543/1/4 2546/1/4
f 2546/1/4 2543/1/4 2547/1/4
f 2547/1/4 2543/1/4 2548/1/4
f 2543/4/4 2544/4/4 2549/4/4
f 2548/1/4 2543/1/4 2549/1/4
f 2495/4/4 2541/4/4 2550/4/4
f 2541/4/4 2545/4/4 2550/4/4
f 2545/4/4 2546/4/4 2550/4/4
f 2546/1/4 2547/1/4 2551/1/4
f 2550/4/4 2546/4/4 2551/4/4
f 2551/1/4 2547/1/4 2552/1/4
f 2552/1/4 2547/1/4 2553/1/4
f 2553/1/4 2547/1/4 2554/1/4
f 2548/4/4 2549/4/4 2556/4/4
f 2550/4/4 2551/4/4 2557/4/4
f 2551/4/4 2552/4/4 2557/4/4
f 2557/4/4 2552/4/4 2558/4/4
f 2552/1/4 2553/1/4 2559/1/4
f 2558/4/4 2552/4/4 2559/4/4
f 2559/1/4 2553/1/4 2560/1/4
f 2555/4/4 2556/4/4 2561/4/4
f 2559/4/4 2560/4/4 2563/4/4
f 2560/4/4 2561/4/4 2563/4/4
f 2558/4/4 2559/4/4 2563/4/4
f 2563/4/4 2561/4/4 2564/4/4
f 2544/4/4 2503/4/4 2565/4/4
f 2564/4/4 2561/4/4 2565/4/4
f 2549/4/4 2544/4/4 2565/4/4
f 2561/4/4 2556/4/4 2565/4/4
f 2556/4/4 2549/4/4 2565/4/4
f 2565/4/4 2503/4/4 2566/4/4
f 2562/4/4 2563/4/4 2567/4/4
f 2567/4/4 2563/4/4 2568/4/4
f 2564/4/4 2565/4/4 2569/4/4
f 2569/4/4 2565/4/4 2570/4/4
f 2566/4/4 2503/4/4 2571/4/4
f 2571/4/4 2503/4/4 2572/4/4
f 2573/4/4 2574/4/4 2576/4/4
f 2574/2/4 2575/2/4 2576/2/4
f 2576/2/4 2575/2/4 2577/2/4
f 2573/4/4 2576/4/4 2578/4/4
f 2576/4/4 2577/4/4 2578/4/4
f 2578/4/4 2577/4/4 2579/4/4
f 2579/4/4 2577/4/4 2580/4/4
f 2577/2/4 2575/2/4 2581/2/4
f 2580/4/4 2577/4/4 2581/4/4
f 2581/2/4 2575/2/4 2582/2/4
f 2573/4/4 2578/4/4 2583/4/4
f 2583/4/4 2578/4/4 2584/4/4
f 2579/4/4 2580/4/4 2585/4/4
f 2585/4/4 2580/4/4 2586/4/4
f 2586/4/4 2580/4/4 2587/4/4
f 2587/4/4 2580/4/4 2588/4/4
f 2581/4/4 2582/4/4 2589/4/4
f 2582/2/4 2575/2/4 2590/2/4
f 2589/4/4 2582/4/4 2590/4/4
f 2586/4/4 2587/4/4 2591/4/4
f 2591/4/4 2587/4/4 2592/4/4
f 2573/4/4 2583/4/4 2595/4/4
f 2593/2/4 2594/2/4 2598/2/4
f 2598/2/4 2594/2/4 2599/2/4
f 2590/2/4 2575/2/4 2600/2/4
f 2595/4/4 2596/4/4 2601/4/4
f 2597/2/4 2598/2/4 2604/2/4
f 2604/2/4 2598/2/4 2605/2/4
f 2603/2/4 2604/2/4 2608/2/4
f 2608/2/4 2604/2/4 2609/2/4
f 2606/2/4 2607/2/4 2610/2/4
f 2610/2/4 2607/2/4 2611/2/4
f 2611/2/4 2607/2/4 2612/2/4
f 2600/2/4 2575/2/4 2614/2/4
f 2614/2/4 2575/2/4 2615/2/4
f 2612/2/4 2613/2/4 2616/2/4
f 2611/2/4 2612/2/4 2616/2/4
f 2616/2/4 2613/2/4 2617/2/4
f 2618/2/4 2619/2/4 2623/2/4
f 2623/2/4 2619/2/4 2624/2/4
f 2620/2/4 2621/2/4 2626/2/4
f 2626/2/4 2621/2/4 2627/2/4
f 2624/2/4 2625/2/4 2629/2/4
f 2622/2/4 2623/2/4 2629/2/4
f 2623/2/4 2624/2/4 2629/2/4
f 2629/2/4 2625/2/4 2630/2/4
f 2629/2/4 2630/2/4 2634/2/4
f 2630/2/4 2631/2/4 2634/2/4
f 2628/2/4 2629/2/4 2634/2/4
f 2634/2/4 2631/2/4 2635/2/4
f 2635/2/4 2631/2/4 2636/2/4
f 2636/2/4 2631/2/4 2637/2/4
f 2632/2/4 2633/2/4 2638/2/4
f 2638/2/4 2633/2/4 2639/2/4
f 2635/2/4 2636/2/4 2640/2/4
f 2640/2/4 2636/2/4 2641/2/4
f 2641/2/4 2636/2/4 2642/2/4
f 2642/2/4 2636/2/4 2643/2/4
f 2641/2/4 2642/2/4 2644/2/4
f 2644/2/4 2642/2/4 2645/2/4
f 2608/4/4 2609/4/4 2648/4/4
f 2603/2/4 2608/2/4 2648/2/4
f 2648/4/4 2609/4/4 2649/4/4
f 2646/2/4 2647/2/4 2651/2/4
f 2651/2/4 2647/2/4 2652/2/4
f 2652/2/4 2647/2/4 2653/2/4
f 2601/4/4 2602/4/4 2654/4/4
f 2595/4/4 2601/4/4 2654/4/4
f 2654/4/4 2602/4/4 2655/4/4
f 2648/2/4 2649/2/4 2656/2/4
f 2603/2/4 2648/2/4 2656/2/4
f 2656/2/4 2649/2/4 2657/2/4
f 2651/2/4 2652/2/4 2659/2/4
f 2650/2/4 2651/2/4 2659/2/4
f 2659/2/4 2652/2/4 2660/2/4
f 2573/4/4 2595/4/4 2661/4/4
f 2595/4/4 2654/4/4 2661/4/4
f 2661/4/4 2654/4/4 2662/4/4
f 2657/2/4 2658/2/4 2663/2/4
f 2663/2/4 2658/2/4 2664/2/4
f 2664/2/4 2665/2/4 2666/2/4
f 2666/2/4 2665/2/4 2667/2/4
f 2615/2/4 2575/2/4 2669/2/4
f 2573/4/4 2661/4/4 2672/4/4
f 2670/4/4 2671/4/4 2675/4/4
f 2675/4/4 2671/4/4 2676/4/4
f 2668/4/4 2669/4/4 2679/4/4
f 2672/4/4 2673/4/4 2680/4/4
f 2676/4/4 2677/4/4 2681/4/4
f 2674/4/4 2675/4/4 2681/4/4
f 2675/4/4 2676/4/4 2681/4/4
f 2681/4/4 2677/4/4 2682/4/4
f 2678/4/4 2679/4/4 2683/4/4
f 2681/4/4 2682/4/4 2684/4/4
f 2682/4/4 2683/4/4 2684/4/4
f 2680/4/4 2681/4/4 2684/4/4
f 2683/4/4 2679/4/4 2685/4/4
f 2684/4/4 2683/4/4 2685/4/4
f 2669/2/4 2575/2/4 2685/2/4
f 2679/4/4 2669/4/4 2685/4/4
f 2672/4/4 2680/4/4 2686/4/4
f 2680/4/4 2684/4/4 2686/4/4
f 2573/4/4 2672/4/4 2686/4/4
f 2684/2/4 2685/2/4 2687/2/4
f 2686/4/4 2684/4/4 2687/4/4
f 2685/2/4 2575/2/4 2688/2/4
f 2687/2/4 2685/2/4 2688/2/4
f 2689/1/4 2690/1/4 2691/1/4
f 2691/1/4 2690/1/4 2692/1/4
f 2693/1/4 2694/1/4 2698/1/4
f 2698/1/4 2694/1/4 2699/1/4
f 2699/1/4 2694/1/4 2700/1/4
f 2695/1/4 2696/1/4 2703/1/4
f 2703/1/4 2696/1/4 2704/1/4
f 2704/1/4 2696/1/4 2705/1/4
f 2698/3/4 2699/3/4 2707/3/4
f 2699/2/4 2700/2/4 2707/2/4
f 2707/2/4 2700/2/4 2708/2/4
f 2700/1/4 2701/1/4 2709/1/4
f 2702/1/4 2703/1/4 2710/1/4
f 2700/1/4 2709/1/4 2711/1/4
f 2709/1/4 2710/1/4 2711/1/4
f 2710/1/4 2703/1/4 2712/1/4
f 2711/1/4 2710/1/4 2712/1/4
f 2703/3/4 2704/3/4 2713/3/4
f 2704/2/4 2705/2/4 2714/2/4
f 2713/3/4 2704/3/4 2714/3/4
f 2697/1/4 2698/1/4 2715/1/4
f 2698/3/4 2707/3/4 2716/3/4
f 2715/1/4 2698/1/4 2716/1/4
f 2707/3/4 2708/3/4 2716/3/4
f 2708/2/4 2700/2/4 2717/2/4
f 2716/3/4 2708/3/4 2717/3/4
f 2700/1/4 2711/1/4 2718/1/4
f 2717/2/4 2700/2/4 2718/2/4
f 2718/1/4 2711/1/4 2719/1/4
f 2712/1/4 2703/1/4 2720/1/4
f 2703/3/4 2713/3/4 2721/3/4
f 2720/1/4 2703/1/4 2721/1/4
f 2713/2/4 2714/2/4 2722/2/4
f 2721/3/4 2713/3/4 2722/3/4
f 2714/2/4 2705/2/4 2723/2/4
f 2722/2/4 2714/2/4 2723/2/4
f 2705/1/4 2706/1/4 2723/1/4
f 2723/1/4 2706/1/4 2724/1/4
f 2717/1/4 2718/1/4 2725/1/4
f 2716/1/4 2717/1/4 2725/1/4
f 2725/1/4 2718/1/4 2726/1/4
f 2726/1/4 2718/1/4 2727/1/4
f 2727/1/4 2718/1/4 2728/1/4
f 2721/1/4 2722/1/4 2729/1/4
f 2722/1/4 2723/1/4 2729/1/4
f 2729/1/4 2723/1/4 2730/1/4
f 2730/1/4 2723/1/4 2731/1/4
f 2731/1/4 2723/1/4 2732/1/4
f 2726/1/4 2727/1/4 2734/1/4
f 2734/1/4 2727/1/4 2735/1/4
f 2730/1/4 2731/1/4 2738/1/4
f 2738/1/4 2731/1/4 2739/1/4
f 2735/1/4 2736/1/4 2742/1/4
f 2733/1/4 2734/1/4 2742/1/4
f 2734/1/4 2735/1/4 2742/1/4
f 2742/1/4 2736/1/4 2743/1/4
f 2743/1/4 2736/1/4 2744/1/4
f 2739/1/4 2740/1/4 2747/1/4
f 2738/1/4 2739/1/4 2747/1/4
f 2737/1/4 2738/1/4 2747/1/4
f 2747/1/4 2740/1/4 2748/1/4
f 2748/1/4 2740/1/4 2749/1/4
f 2748/2/4 2749/2/4 2751/2/4
f 2747/3/4 2748/3/4 2751/3/4
f 2751/2/4 2749/2/4 2752/2/4
f 2744/1/4 2745/1/4 2753/1/4
f 2746/1/4 2747/1/4 2754/1/4
f 2742/3/4 2743/3/4 2755/3/4
f 2743/2/4 2744/2/4 2756/2/4
f 2755/3/4 2743/3/4 2756/3/4
f 2753/1/4 2754/1/4 2757/1/4
f 2744/1/4 2753/1/4 2757/1/4
f 2754/1/4 2747/1/4 2758/1/4
f 2757/1/4 2754/1/4 2758/1/4
f 2741/1/4 2742/1/4 2759/1/4
f 2742/3/4 2755/3/4 2760/3/4
f 2759/1/4 2742/1/4 2760/1/4
f 2755/2/4 2756/2/4 2761/2/4
f 2760/3/4 2755/3/4 2761/3/4
f 2756/2/4 2744/2/4 2762/2/4
f 2761/2/4 2756/2/4 2762/2/4
f 2744/1/4 2757/1/4 2762/1/4
f 2762/1/4 2757/1/4 2763/1/4
f 2758/1/4 2747/1/4 2764/1/4
f 2747/3/4 2751/3/4 2765/3/4
f 2764/1/4 2747/1/4 2765/1/4
f 2751/3/4 2752/3/4 2765/3/4
f 2752/2/4 2749/2/4 2766/2/4
f 2765/3/4 2752/3/4 2766/3/4
f 2749/1/4 2750/1/4 2767/1/4
f 2766/2/4 2749/2/4 2767/2/4
f 2767/1/4 2750/1/4 2768/1/4
f 2760/1/4 2761/1/4 2769/1/4
f 2761/1/4 2762/1/4 2769/1/4
f 2769/1/4 2762/1/4 2770/1/4
f 2765/1/4 2766/1/4 2771/1/4
f 2766/1/4 2767/1/4 2771/1/4
f 2771/1/4 2767/1/4 2772/1/4
f 2689/1/4 2691/1/4 2773/1/4
f 2692/1/4 2690/1/4 2774/1/4
f 2689/1/4 2773/1/4 2775/1/4
f 2773/1/4 2774/1/4 2775/1/4
f 2774/1/4 2690/1/4 2776/1/4
f 2775/1/4 2774/1/4 2776/1/4
f 2779/1/5 2778/1/5 2777/1/5
f 2780/1/5 2778/1/5 2779/1/5
f 2781/1/5 2779/1/5 2777/1/5
f 2781/4/5 2780/4/5 2779/4/5
f 2782/1/5 2778/1/5 2780/1/5
f 2782/4/5 2780/4/5 2781/4/5
f 2783/1/5 2781/1/5 2777/1/5
f 2783/1/5 2782/1/5 2781/1/5
f 2784/1/5 2778/1/5 2782/1/5
f 2784/1/5 2782/1/5 2783/1/5
f 2789/1/5 2786/1/5 2785/1/5
f 2790/1/5 2786/1/5 2789/1/5
f 2791/1/5 2788/1/5 2787/1/5
f 2792/1/5 2788/1/5 2791/1/5
f 2797/1/5 2794/1/5 2793/1/5
f 2798/1/5 2794/1/5 2797/1/5
f 2799/1/5 2796/1/5 2795/1/5
f 2800/1/5 2796/1/5 2799/1/5
f 2805/1/5 2802/1/5 2801/1/5
f 2806/1/5 2802/1/5 2805/1/5
f 2807/1/5 2804/1/5 2803/1/5
f 2808/1/5 2804/1/5 2807/1/5
f 2813/1/5 2810/1/5 2809/1/5
f 2814/1/5 2810/1/5 2813/1/5
f 2815/1/5 2812/1/5 2811/1/5
f 2816/1/5 2812/1/5 2815/1/5
f 2825/1/5 2818/1/5 2817/1/5
f 2826/1/5 2818/1/5 2825/1/5
f 2827/1/5 2820/1/5 2819/1/5
f 2828/1/5 2820/1/5 2827/1/5
f 2829/1/5 2822/1/5 2821/1/5
f 2830/1/5 2822/1/5 2829/1/5
f 2831/1/5 2824/1/5 2823/1/5
f 2832/1/5 2824/1/5 2831/1/5
f 2837/1/5 2834/1/5 2833/1/5
f 2838/1/5 2834/1/5 2837/1/5
f 2839/1/5 2836/1/5 2835/1/5
f 2840/1/5 2836/1/5 2839/1/5
f 2845/1/5 2842/1/5 2841/1/5
f 2846/1/5 2842/1/5 2845/1/5
f 2847/1/5 2844/1/5 2843/1/5
f 2848/1/5 2844/1/5 2847/1/5
f 2853/1/5 2850/1/5 2849/1/5
f 2854/1/5 2850/1/5 2853/1/5
f 2855/1/5 2852/1/5 2851/1/5
f 2856/1/5 2852/1/5 2855/1/5
f 2861/1/5 2858/1/5 2857/1/5
f 2862/1/5 2858/1/5 2861/1/5
f 2863/1/5 2860/1/5 2859/1/5
f 2864/1/5 2860/1/5 2863/1/5
f 2873/1/5 2866/1/5 2865/1/5
f 2874/1/5 2866/1/5 2873/1/5
f 2875/1/5 2868/1/5 2867/1/5
f 2876/1/5 2868/1/5 2875/1/5
f 2877/1/5 2870/1/5 2869/1/5
f 2878/1/5 2870/1/5 2877/1/5
f 2879/1/5 2872/1/5 2871/1/5
f 2880/1/5 2872/1/5 2879/1/5
f 2883/1/5 2882/1/5 2881/1/5
f 2884/1/5 2882/1/5 2883/1/5
f 2889/1/5 2886/1/5 2885/1/5
f 2890/1/5 2886/1/5 2889/1/5
f 2891/1/5 2888/1/5 2887/1/5
f 2892/1/5 2888/1/5 2891/1/5
f 2895/1/5 2894/1/5 2893/1/5
f 2896/1/5 2894/1/5 2895/1/5
f 2901/2/5 2898/2/5 2897/2/5
f 2902/2/5 2898/2/5 2901/2/5
f 2905/2/5 2900/2/5 2899/2/5
f 2906/2/5 2900/2/5 2905/2/5
f 2907/1/5 2904/1/5 2903/1/5
f 2908/1/5 2904/1/5 2907/1/5
f 2909/4/5 2908/4/5 2907/4/5
f 2910/4/5 2908/4/5 2909/4/5
f 2915/2/5 2912/2/5 2911/2/5
f 2916/2/5 2912/2/5 2915/2/5
f 2917/2/5 2914/2/5 2913/2/5
f 2918/2/5 2914/2/5 2917/2/5
f 2923/2/5 2920/2/5 2919/2/5
f 2924/2/5 2920/2/5 2923/2/5
f 2925/2/5 2922/2/5 2921/2/5
f 2926/2/5 2922/2/5 2925/2/5
f 2931/2/5 2928/2/5 2927/2/5
f 2932/2/5 2928/2/5 2931/2/5
f 2933/2/5 2930/2/5 2929/2/5
f 2934/2/5 2930/2/5 2933/2/5
f 2939/2/5 2936/2/5 2935/2/5
f 2940/2/5 2936/2/5 2939/2/5
f 2941/2/5 2938/2/5 2937/2/5
f 2942/2/5 2938/2/5 2941/2/5
f 2947/2/5 2944/2/5 2943/2/5
f 2948/2/5 2944/2/5 2947/2/5
f 2949/2/5 2946/2/5 2945/2/5
f 2950/2/5 2946/2/5 2949/2/5
f 2955/1/5 2952/1/5 2951/1/5
f 2956/1/5 2952/1/5 2955/1/5
f 2957/1/5 2954/1/5 2953/1/5
f 2958/1/5 2954/1/5 2957/1/5
f 2963/1/5 2960/1/5 2959/1/5
f 2964/1/5 2960/1/5 2963/1/5
f 2965/1/5 2962/1/5 2961/1/5
f 2966/1/5 2962/1/5 2965/1/5
f 2971/1/5 2968/1/5 2967/1/5
f 2972/1/5 2968/1/5 2971/1/5
f 2973/1/5 2970/1/5 2969/1/5
f 2974/1/5 2970/1/5 2973/1/5
f 2979/1/5 2976/1/5 2975/1/5
f 2980/1/5 2976/1/5 2979/1/5
f 2981/1/5 2978/1/5 2977/1/5
f 2982/1/5 2978/1/5 2981/1/5
f 2989/2/5 2984/2/5 2983/2/5
f 2990/2/5 2984/2/5 2989/2/5
f 2991/2/5 2986/2/5 2985/2/5
f 2992/2/5 2986/2/5 2991/2/5
f 2993/2/5 2988/2/5 2987/2/5
f 2994/2/5 2988/2/5 2993/2/5
f 2999/2/5 2996/2/5 2995/2/5
f 3000/2/5 2996/2/5 2999/2/5
f 3001/2/5 2998/2/5 2997/2/5
f 3002/2/5 2998/2/5 3001/2/5
f 3007/2/5 3004/2/5 3003/2/5
f 3008/2/5 3004/2/5 3007/2/5
f 3009/2/5 3006/2/5 3005/2/5
f 3010/2/5 3006/2/5 3009/2/5
f 3015/2/5 3012/2/5 3011/2/5
f 3016/2/5 3012/2/5 3015/2/5
f 3017/2/5 3014/2/5 3013/2/5
f 3018/2/5 3014/2/5 3017/2/5
f 3025/2/5 3020/2/5 3019/2/5
f 3026/2/5 3020/2/5 3025/2/5
f 3027/2/5 3022/2/5 3021/2/5
f 3028/2/5 3022/2/5 3027/2/5
f 3029/2/5 3024/2/5 3023/2/5
f 3030/2/5 3024/2/5 3029/2/5
f 3035/2/5 3032/2/5 3031/2/5
f 3036/2/5 3032/2/5 3035/2/5
f 3037/2/5 3034/2/5 3033/2/5
f 3038/2/5 3034/2/5 3037/2/5
f 3043/2/5 3040/2/5 3039/2/5
f 3044/2/5 3040/2/5 3043/2/5
f 3045/2/5 3042/2/5 3041/2/5
f 3046/2/5 3042/2/5 3045/2/5
f 3051/2/5 3048/2/5 3047/2/5
f 3052/2/5 3048/2/5 3051/2/5
f 3053/2/5 3050/2/5 3049/2/5
f 3054/2/5 3050/2/5 3053/2/5
f 3059/2/5 3056/2/5 3055/2/5
f 3060/2/5 3056/2/5 3059/2/5
f 3061/2/5 3058/2/5 3057/2/5
f 3062/2/5 3058/2/5 3061/2/5
f 3071/2/5 3064/2/5 3063/2/5
f 3072/2/5 3064/2/5 3071/2/5
f 3073/2/5 3066/2/5 3065/2/5
f 3074/2/5 3066/2/5 3073/2/5
f 3075/2/5 3068/2/5 3067/2/5
f 3076/2/5 3068/2/5 3075/2/5
f 3077/2/5 3070/2/5 3069/2/5
f 3078/2/5 3070/2/5 3077/2/5
f 3083/2/5 3080/2/5 3079/2/5
f 3084/2/5 3080/2/5 3083/2/5
f 3085/2/5 3082/2/5 3081/2/5
f 3086/2/5 3082/2/5 3085/2/5
f 3091/2/5 3088/2/5 3087/2/5
f 3092/2/5 3088/2/5 3091/2/5
f 3093/2/5 3090/2/5 3089/2/5
f 3094/2/5 3090/2/5 3093/2/5
f 3099/2/5 3096/2/5 3095/2/5
f 3100/2/5 3096/2/5 3099/2/5
f 3101/2/5 3098/2/5 3097/2/5
f 3102/2/5 3098/2/5 3101/2/5
f 3107/2/5 3104/2/5 3103/2/5
f 3108/2/5 3104/2/5 3107/2/5
f 3109/2/5 3106/2/5 3105/2/5
f 3110/2/5 3106/2/5 3109/2/5
f 3119/2/5 3112/2/5 3111/2/5
f 3120/2/5 3112/2/5 3119/2/5
f 3121/2/5 3114/2/5 3113/2/5
f 3122/2/5 3114/2/5 3121/2/5
f 3123/2/5 3116/2/5 3115/2/5
f 3124/2/5 3116/2/5 3123/2/5
f 3125/2/5 3118/2/5 3117/2/5
f 3126/2/5 3118/2/5 3125/2/5
f 3131/1/5 3128/1/5 3127/1/5
f 3132/1/5 3128/1/5 3131/1/5
f 3133/1/5 3130/1/5 3129/1/5
f 3134/1/5 3130/1/5 3133/1/5
f 3137/4/5 3136/4/5 3135/4/5
f 3138/4/5 3136/4/5 3137/4/5
f 3143/1/5 3140/1/5 3139/1/5
f 3144/1/5 3140/1/5 3143/1/5
f 3145/1/5 3142/1/5 3141/1/5
f 3146/1/5 3142/1/5 3145/1/5
f 3151/1/5 3148/1/5 3147/1/5
f 3152/1/5 3148/1/5 3151/1/5
f 3153/1/5 3150/1/5 3149/1/5
f 3154/1/5 3150/1/5 3153/1/5
f 3159/1/5 3156/1/5 3155/1/5
f 3160/1/5 3156/1/5 3159/1/5
f 3161/1/5 3158/1/5 3157/1/5
f 3162/1/5 3158/1/5 3161/1/5
f 3167/1/5 3164/1/5 3163/1/5
f 3168/1/5 3164/1/5 3167/1/5
f 3169/1/5 3166/1/5 3165/1/5
f 3170/1/5 3166/1/5 3169/1/5
f 3175/1/5 3172/1/5 3171/1/5
f 3176/1/5 3172/1/5 3175/1/5
f 3177/1/5 3174/1/5 3173/1/5
f 3178/1/5 3174/1/5 3177/1/5
f 3183/1/5 3180/1/5 3179/1/5
f 3184/1/5 3180/1/5 3183/1/5
f 3185/1/5 3182/1/5 3181/1/5
f 3186/1/5 3182/1/5 3185/1/5
f 3191/1/5 3188/1/5 3187/1/5
f 3192/1/5 3188/1/5 3191/1/5
f 3193/1/5 3190/1/5 3189/1/5
f 3194/1/5 3190/1/5 3193/1/5
f 3199/4/5 3196/4/5 3195/4/5
f 3200/4/5 3196/4/5 3199/4/5
f 3203/4/5 3198/4/5 3197/4/5
f 3204/4/5 3198/4/5 3203/4/5
f 3205/1/5 3202/1/5 3201/1/5
f 3206/1/5 3202/1/5 3205/1/5
f 3211/4/5 3208/4/5 3207/4/5
f 3212/4/5 3208/4/5 3211/4/5
f 3213/4/5 3210/4/5 3209/4/5
f 3214/4/5 3210/4/5 3213/4/5
f 3219/1/5 3216/1/5 3215/1/5
f 3220/1/5 3216/1/5 3219/1/5
f 3221/1/5 3218/1/5 3217/1/5
f 3222/1/5 3218/1/5 3221/1/5
f 3227/4/5 3224/4/5 3223/4/5
f 3228/4/5 3224/4/5 3227/4/5
f 3229/4/5 3226/4/5 3225/4/5
f 3230/4/5 3226/4/5 3229/4/5
f 3233/1/5 3232/1/5 3231/1/5
f 3234/1/5 3232/1/5 3233/1/5
f 3243/1/5 3236/1/5 3235/1/5
f 3244/1/5 3236/1/5 3243/1/5
f 3245/1/5 3238/1/5 3237/1/5
f 3246/1/5 3238/1/5 3245/1/5
f 3249/1/5 3240/1/5 3239/1/5
f 3250/1/5 3240/1/5 3249/1/5
f 3251/1/5 3242/1/5 3241/1/5
f 3252/1/5 3242/1/5 3251/1/5
f 3253/4/5 3248/4/5 3247/4/5
f 3254/4/5 3248/4/5 3253/4/5
f 3259/1/5 3256/1/5 3255/1/5
f 3260/1/5 3256/1/5 3259/1/5
f 3261/1/5 3258/1/5 3257/1/5
f 3262/1/5 3258/1/5 3261/1/5
f 3267/1/5 3264/1/5 3263/1/5
f 3268/1/5 3264/1/5 3267/1/5
f 3269/1/5 3266/1/5 3265/1/5
f 3270/1/5 3266/1/5 3269/1/5
f 3275/4/5 3272/4/5 3271/4/5
f 3276/4/5 3272/4/5 3275/4/5
f 3277/4/5 3274/4/5 3273/4/5
f 3278/4/5 3274/4/5 3277/4/5
f 3283/1/5 3280/1/5 3279/1/5
f 3284/1/5 3280/1/5 3283/1/5
f 3285/1/5 3282/1/5 3281/1/5
f 3286/1/5 3282/1/5 3285/1/5
f 3291/1/5 3288/1/5 3287/1/5
f 3292/1/5 3288/1/5 3291/1/5
f 3293/1/5 3290/1/5 3289/1/5
f 3294/1/5 3290/1/5 3293/1/5
f 3303/1/5 3296/1/5 3295/1/5
f 3304/1/5 3296/1/5 3303/1/5
f 3305/1/5 3298/1/5 3297/1/5
f 3306/1/5 3298/1/5 3305/1/5
f 3307/1/5 3300/1/5 3299/1/5
f 3308/1/5 3300/1/5 3307/1/5
f 3309/1/5 3302/1/5 3301/1/5
f 3310/1/5 3302/1/5 3309/1/5
f 3319/1/5 3312/1/5 3311/1/5
f 3320/1/5 3312/1/5 3319/1/5
f 3321/1/5 3314/1/5 3313/1/5
f 3322/1/5 3314/1/5 3321/1/5
f 3323/1/5 3316/1/5 3315/1/5
f 3324/1/5 3316/1/5 3323/1/5
f 3325/1/5 3318/1/5 3317/1/5
f 3326/1/5 3318/1/5 3325/1/5
f 3331/1/5 3328/1/5 3327/1/5
f 3332/1/5 3328/1/5 3331/1/5
f 3333/1/5 3330/1/5 3329/1/5
f 3334/1/5 3330/1/5 3333/1/5
f 3339/1/5 3336/1/5 3335/1/5
f 3340/1/5 3336/1/5 3339/1/5
f 3341/1/5 3338/1/5 3337/1/5
f 3342/1/5 3338/1/5 3341/1/5
f 3347/1/5 3344/1/5 3343/1/5
f 3348/1/5 3344/1/5 3347/1/5
f 3349/1/5 3346/1/5 3345/1/5
f 3350/1/5 3346/1/5 3349/1/5
f 3355/1/5 3352/1/5 3351/1/5
f 3356/1/5 3352/1/5 3355/1/5
f 3357/1/5 3354/1/5 3353/1/5
f 3358/1/5 3354/1/5 3357/1/5
f 3365/3/5 3360/3/5 3359/3/5
f 3366/3/5 3360/3/5 3365/3/5
f 3369/3/5 3362/3/5 3361/3/5
f 3370/3/5 3362/3/5 3369/3/5
f 3373/1/5 3364/1/5 3363/1/5
f 3374/1/5 3364/1/5 3373/1/5
f 3375/1/5 3367/1/5 3366/1/5
f 3376/1/5 3367/1/5 3375/1/5
f 3377/1/5 3369/1/5 3368/1/5
f 3378/1/5 3369/1/5 3377/1/5
f 3379/1/5 3372/1/5 3371/1/5
f 3380/1/5 3372/1/5 3379/1/5
f 3383/1/5 3382/1/5 3381/1/5
f 3384/1/5 3382/1/5 3383/1/5
f 3389/1/5 3386/1/5 3385/1/5
f 3390/1/5 3386/1/5 3389/1/5
f 3391/1/5 3388/1/5 3387/1/5
f 3392/1/5 3388/1/5 3391/1/5
f 3395/1/5 3394/1/5 3393/1/5
f 3396/1/5 3394/1/5 3395/1/5
f 3399/2/5 3398/2/5 3397/2/5
f 3400/2/5 3398/2/5 3399/2/5
f 3401/2/5 3398/2/5 3400/2/5
f 3404/2/5 3403/2/5 3402/2/5
f 3405/2/5 3403/2/5 3404/2/5
f 3409/1/5 3407/1/5 3406/1/5
f 3410/1/5 3407/1/5 3409/1/5
f 3412/1/5 3409/1/5 3408/1/5
f 3413/1/5 3409/1/5 3412/1/5
f 3414/1/5 3411/1/5 3410/1/5
f 3415/1/5 3411/1/5 3414/1/5
f 3416/1/5 3414/1/5 3413/1/5
f 3417/1/5 3414/1/5 3416/1/5
f 3418/1/6 3419/1/6 3421/1/6
f 3421/1/6 3419/1/6 3422/1/6
f 3420/1/6 3421/1/6 3424/1/6
f 3424/1/6 3421/1/6 3425/1/6
f 3422/1/6 3423/1/6 3426/1/6
f 3426/1/6 3423/1/6 3427/1/6
f 3425/1/6 3426/1/6 3428/1/6
f 3428/1/6 3426/1/6 3429/1/6
f 3430/1/6 3431/1/6 3432/1/6
f 3432/1/6 3431/1/6 3433/1/6
f 3434/1/6 3435/1/6 3438/1/6
f 3438/1/6 3435/1/6 3439/1/6
f 3436/1/6 3437/1/6 3440/1/6
f 3440/1/6 3437/1/6 3441/1/6
f 3442/1/6 3443/1/6 3444/1/6
f 3444/1/6 3443/1/6 3445/1/6
f 3446/1/6 3447/1/6 3454/1/6
f 3454/1/6 3447/1/6 3455/1/6
f 3448/1/6 3449/1/6 3457/1/6
f 3457/1/6 3449/1/6 3458/1/6
f 3450/1/6 3451/1/6 3459/1/6
f 3459/1/6 3451/1/6 3460/1/6
f 3452/1/6 3453/1/6 3462/1/6
f 3462/1/6 3453/1/6 3463/1/6
f 3456/4/6 3457/4/6 3464/4/6
f 3464/4/6 3457/4/6 3465/4/6
f 3460/4/6 3461/4/6 3468/4/6
f 3468/4/6 3461/4/6 3469/4/6
f 3470/1/6 3471/1/6 3474/1/6
f 3474/1/6 3471/1/6 3475/1/6
f 3466/4/6 3467/4/6 3476/4/6
f 3476/4/6 3467/4/6 3477/4/6
f 3472/1/6 3473/1/6 3478/1/6
f 3478/1/6 3473/1/6 3479/1/6
f 3480/1/6 3481/1/6 3484/1/6
f 3484/1/6 3481/1/6 3485/1/6
f 3482/1/6 3483/1/6 3486/1/6
f 3486/1/6 3483/1/6 3487/1/6
f 3488/1/6 3489/1/6 3492/1/6
f 3492/1/6 3489/1/6 3493/1/6
f 3490/1/6 3491/1/6 3494/1/6
f 3494/1/6 3491/1/6 3495/1/6
f 3496/1/6 3497/1/6 3500/1/6
f 3500/1/6 3497/1/6 3501/1/6
f 3498/1/6 3499/1/6 3502/1/6
f 3502/1/6 3499/1/6 3503/1/6
f 3504/4/6 3505/4/6 3514/4/6
f 3514/4/6 3505/4/6 3515/4/6
f 3506/2/6 3507/2/6 3516/2/6
f 3507/4/6 3508/4/6 3517/4/6
f 3516/2/6 3507/2/6 3517/2/6
f 3508/2/6 3509/2/6 3518/2/6
f 3517/4/6 3508/4/6 3518/4/6
f 3518/2/6 3509/2/6 3519/2/6
f 3510/4/6 3511/4/6 3520/4/6
f 3520/4/6 3511/4/6 3521/4/6
f 3512/1/6 3513/1/6 3524/1/6
f 3524/1/6 3513/1/6 3525/1/6
f 3515/1/6 3516/1/6 3526/1/6
f 3526/1/6 3516/1/6 3527/1/6
f 3519/1/6 3520/1/6 3528/1/6
f 3528/1/6 3520/1/6 3529/1/6
f 3522/1/6 3523/1/6 3530/1/6
f 3530/1/6 3523/1/6 3531/1/6
f 3532/1/6 3533/1/6 3540/1/6
f 3540/1/6 3533/1/6 3541/1/6
f 3534/1/6 3535/1/6 3542/1/6
f 3542/1/6 3535/1/6 3543/1/6
f 3536/1/6 3537/1/6 3546/1/6
f 3546/1/6 3537/1/6 3547/1/6
f 3538/1/6 3539/1/6 3548/1/6
f 3548/1/6 3539/1/6 3549/1/6
f 3544/4/6 3545/4/6 3550/4/6
f 3550/4/6 3545/4/6 3551/4/6
f 3552/1/6 3553/1/6 3556/1/6
f 3556/1/6 3553/1/6 3557/1/6
f 3554/1/6 3555/1/6 3558/1/6
f 3558/1/6 3555/1/6 3559/1/6
f 3560/1/6 3561/1/6 3564/1/6
f 3564/1/6 3561/1/6 3565/1/6
f 3562/1/6 3563/1/6 3566/1/6
f 3566/1/6 3563/1/6 3567/1/6
f 3568/4/6 3569/4/6 3572/4/6
f 3572/4/6 3569/4/6 3573/4/6
f 3570/4/6 3571/4/6 3574/4/6
f 3574/4/6 3571/4/6 3575/4/6
f 3576/1/6 3577/1/6 3580/1/6
f 3580/1/6 3577/1/6 3581/1/6
f 3578/1/6 3579/1/6 3582/1/6
f 3582/1/6 3579/1/6 3583/1/6
f 3584/1/6 3585/1/6 3588/1/6
f 3588/1/6 3585/1/6 3589/1/6
f 3586/1/6 3587/1/6 3590/1/6
f 3590/1/6 3587/1/6 3591/1/6
f 3592/2/6 3593/2/6 3599/2/6
f 3599/2/6 3593/2/6 3600/2/6
f 3594/2/6 3595/2/6 3601/2/6
f 3601/2/6 3595/2/6 3602/2/6
f 3596/1/6 3597/1/6 3606/1/6
f 3606/1/6 3597/1/6 3607/1/6
f 3598/1/6 3599/1/6 3608/1/6
f 3608/1/6 3599/1/6 3609/1/6
f 3602/1/6 3603/1/6 3610/1/6
f 3610/1/6 3603/1/6 3611/1/6
f 3604/1/6 3605/1/6 3612/1/6
f 3612/1/6 3605/1/6 3613/1/6
f 3614/4/6 3615/4/6 3618/4/6
f 3618/4/6 3615/4/6 3619/4/6
f 3616/4/6 3617/4/6 3624/4/6
f 3624/4/6 3617/4/6 3625/4/6
f 3620/1/6 3621/1/6 3626/1/6
f 3626/1/6 3621/1/6 3627/1/6
f 3622/1/6 3623/1/6 3628/1/6
f 3628/1/6 3623/1/6 3629/1/6
f 3630/4/6 3631/4/6 3634/4/6
f 3634/4/6 3631/4/6 3635/4/6
f 3632/4/6 3633/4/6 3636/4/6
f 3636/4/6 3633/4/6 3637/4/6
f 3638/1/6 3639/1/6 3642/1/6
f 3642/1/6 3639/1/6 3643/1/6
f 3640/1/6 3641/1/6 3644/1/6
f 3644/1/6 3641/1/6 3645/1/6
f 3646/1/6 3647/1/6 3650/1/6
f 3650/1/6 3647/1/6 3651/1/6
f 3648/1/6 3649/1/6 3652/1/6
f 3652/1/6 3649/1/6 3653/1/6
f 3654/4/6 3655/4/6 3658/4/6
f 3658/4/6 3655/4/6 3659/4/6
f 3656/4/6 3657/4/6 3660/4/6
f 3660/4/6 3657/4/6 3661/4/6
f 3662/1/6 3663/1/6 3668/1/6
f 3668/1/6 3663/1/6 3669/1/6
f 3664/1/6 3665/1/6 3670/1/6
f 3670/1/6 3665/1/6 3671/1/6
f 3666/2/6 3667/2/6 3674/2/6
f 3674/2/6 3667/2/6 3675/2/6
f 3672/2/6 3673/2/6 3676/2/6
f 3676/2/6 3673/2/6 3677/2/6
f 3678/4/6 3679/4/6 3682/4/6
f 3682/4/6 3679/4/6 3683/4/6
f 3680/4/6 3681/4/6 3684/4/6
f 3684/4/6 3681/4/6 3685/4/6
f 3686/4/6 3687/4/6 3690/4/6
f 3690/4/6 3687/4/6 3691/4/6
f 3688/4/6 3689/4/6 3692/4/6
f 3692/4/6 3689/4/6 3693/4/6
f 3694/4/6 3695/4/6 3698/4/6
f 3698/4/6 3695/4/6 3699/4/6
f 3696/4/6 3697/4/6 3700/4/6
f 3700/4/6 3697/4/6 3701/4/6
f 3702/2/6 3703/2/6 3706/2/6
f 3706/2/6 3703/2/6 3707/2/6
f 3704/2/6 3705/2/6 3708/2/6
f 3708/2/6 3705/2/6 3709/2/6
f 3710/2/6 3711/2/6 3714/2/6
f 3714/2/6 3711/2/6 3715/2/6
f 3712/2/6 3713/2/6 3716/2/6
f 3716/2/6 3713/2/6 3717/2/6
f 3718/2/6 3719/2/6 3722/2/6
f 3722/2/6 3719/2/6 3723/2/6
f 3720/2/6 3721/2/6 3724/2/6
f 3724/2/6 3721/2/6 3725/2/6
f 3726/2/6 3727/2/6 3730/2/6
f 3730/2/6 3727/2/6 3731/2/6
f 3728/2/6 3729/2/6 3732/2/6
f 3732/2/6 3729/2/6 3733/2/6
f 3734/4/6 3735/4/6 3738/4/6
f 3738/4/6 3735/4/6 3739/4/6
f 3736/4/6 3737/4/6 3740/4/6
f 3740/4/6 3737/4/6 3741/4/6
f 3742/4/6 3743/4/6 3746/4/6
f 3746/4/6 3743/4/6 3747/4/6
f 3744/4/6 3745/4/6 3748/4/6
f 3748/4/6 3745/4/6 3749/4/6
f 3750/4/6 3751/4/6 3754/4/6
f 3754/4/6 3751/4/6 3755/4/6
f 3752/4/6 3753/4/6 3756/4/6
f 3756/4/6 3753/4/6 3757/4/6
f 3758/1/6 3759/1/6 3760/1/6
f 3760/1/6 3759/1/6 3761/1/6
f 3762/1/6 3763/1/6 3766/1/6
f 3766/1/6 3763/1/6 3767/1/6
f 3764/1/6 3765/1/6 3768/1/6
f 3768/1/6 3765/1/6 3769/1/6
f 3770/1/6 3771/1/6 3772/1/6
f 3772/1/6 3771/1/6 3773/1/6
f 3774/1/6 3775/1/6 3778/1/6
f 3778/1/6 3775/1/6 3779/1/6
f 3776/1/6 3777/1/6 3780/1/6
f 3780/1/6 3777/1/6 3781/1/6
f 3782/1/6 3783/1/6 3786/1/6
f 3786/1/6 3783/1/6 3787/1/6
f 3784/1/6 3785/1/6 3788/1/6
f 3788/1/6 3785/1/6 3789/1/6
f 3790/1/6 3791/1/6 3794/1/6
f 3794/1/6 3791/1/6 3795/1/6
f 3792/1/6 3793/1/6 3796/1/6
f 3796/1/6 3793/1/6 3797/1/6
f 3798/1/6 3799/1/6 3802/1/6
f 3802/1/6 3799/1/6 3803/1/6
f 3800/1/6 3801/1/6 3804/1/6
f 3804/1/6 3801/1/6 3805/1/6
f 3806/1/6 3807/1/6 3810/1/6
f 3810/1/6 3807/1/6 3811/1/6
f 3808/1/6 3809/1/6 3812/1/6
f 3812/1/6 3809/1/6 3813/1/6
f 3814/1/6 3815/1/6 3818/1/6
f 3818/1/6 3815/1/6 3819/1/6
f 3816/1/6 3817/1/6 3820/1/6
f 3820/1/6 3817/1/6 3821/1/6
f 3822/1/6 3823/1/6 3826/1/6
f 3826/1/6 3823/1/6 3827/1/6
f 3824/1/6 3825/1/6 3828/1/6
f 3828/1/6 3825/1/6 3829/1/6
f 3830/1/6 3831/1/6 3834/1/6
f 3834/1/6 3831/1/6 3835/1/6
f 3832/1/6 3833/1/6 3836/1/6
f 3836/1/6 3833/1/6 3837/1/6
f 3838/2/6 3839/2/6 3840/2/6
f 3840/2/6 3839/2/6 3841/2/6
f 3842/2/6 3843/2/6 3844/2/6
f 3844/2/6 3843/2/6 3845/2/6
f 3846/2/6 3847/2/6 3850/2/6
f 3850/2/6 3847/2/6 3851/2/6
f 3848/2/6 3849/2/6 3852/2/6
f 3852/2/6 3849/2/6 3853/2/6
f 3854/2/6 3855/2/6 3858/2/6
f 3858/2/6 3855/2/6 3859/2/6
f 3856/2/6 3857/2/6 3860/2/6
f 3860/2/6 3857/2/6 3861/2/6
f 3862/2/6 3863/2/6 3866/2/6
f 3866/2/6 3863/2/6 3867/2/6
f 3864/2/6 3865/2/6 3868/2/6
f 3868/2/6 3865/2/6 3869/2/6
f 3870/2/6 3871/2/6 3876/2/6
f 3876/2/6 3871/2/6 3877/2/6
f 3872/2/6 3873/2/6 3878/2/6
f 3878/2/6 3873/2/6 3879/2/6
f 3874/2/6 3875/2/6 3880/2/6
f 3880/2/6 3875/2/6 3881/2/6
f 3882/2/6 3883/2/6 3886/2/6
f 3886/2/6 3883/2/6 3887/2/6
f 3884/2/6 3885/2/6 3888/2/6
f 3888/2/6 3885/2/6 3889/2/6
f 3890/2/6 3891/2/6 3894/2/6
f 3894/2/6 3891/2/6 3895/2/6
f 3892/2/6 3893/2/6 3896/2/6
f 3896/2/6 3893/2/6 3897/2/6
f 3898/2/6 3899/2/6 3902/2/6
f 3902/2/6 3899/2/6 3903/2/6
f 3900/2/6 3901/2/6 3904/2/6
f 3904/2/6 3901/2/6 3905/2/6
f 3906/2/6 3907/2/6 3914/2/6
f 3914/2/6 3907/2/6 3915/2/6
f 3908/2/6 3909/2/6 3916/2/6
f 3916/2/6 3909/2/6 3917/2/6
f 3910/2/6 3911/2/6 3918/2/6
f 3918/2/6 3911/2/6 3919/2/6
f 3912/2/6 3913/2/6 3920/2/6
f 3920/2/6 3913/2/6 3921/2/6
f 3922/2/6 3923/2/6 3924/2/6
f 3924/2/6 3923/2/6 3925/2/6
f 3926/2/6 3927/2/6 3930/2/6
f 3930/2/6 3927/2/6 3931/2/6
f 3928/2/6 3929/2/6 3932/2/6
f 3932/2/6 3929/2/6 3933/2/6
f 3934/2/6 3935/2/6 3936/2/6
f 3936/2/6 3935/2/6 3937/2/6
f 3938/1/6 3939/1/6 3940/1/6
f 3940/1/6 3939/1/6 3941/1/6
f 3942/1/6 3943/1/6 3946/1/6
f 3946/1/6 3943/1/6 3947/1/6
f 3944/1/6 3945/1/6 3948/1/6
f 3948/1/6 3945/1/6 3949/1/6
f 3950/1/6 3951/1/6 3952/1/6
f 3952/1/6 3951/1/6 3953/1/6
f 3954/1/6 3955/1/6 3962/1/6
f 3962/1/6 3955/1/6 3963/1/6
f 3956/1/6 3957/1/6 3964/1/6
f 3964/1/6 3957/1/6 3965/1/6
f 3958/1/6 3959/1/6 3966/1/6
f 3966/1/6 3959/1/6 3967/1/6
f 3960/1/6 3961/1/6 3968/1/6
f 3968/1/6 3961/1/6 3969/1/6
f 3970/1/6 3971/1/6 3974/1/6
f 3974/1/6 3971/1/6 3975/1/6
f 3972/1/6 3973/1/6 3976/1/6
f 3976/1/6 3973/1/6 3977/1/6
f 3978/1/6 3979/1/6 3982/1/6
f 3982/1/6 3979/1/6 3983/1/6
f 3980/1/6 3981/1/6 3984/1/6
f 3984/1/6 3981/1/6 3985/1/6
f 3986/1/6 3987/1/6 3990/1/6
f 3990/1/6 3987/1/6 3991/1/6
f 3988/1/6 3989/1/6 3992/1/6
f 3992/1/6 3989/1/6 3993/1/6
f 3994/1/6 3995/1/6 3998/1/6
f 3998/1/6 3995/1/6 3999/1/6
f 3996/1/6 3997/1/6 4000/1/6
f 4000/1/6 3997/1/6 4001/1/6
f 4002/3/6 4003/3/6 4008/3/6
f 4008/3/6 4003/3/6 4009/3/6
f 4004/3/6 4005/3/6 4012/3/6
f 4012/3/6 4005/3/6 4013/3/6
f 4006/1/6 4007/1/6 4016/1/6
f 4016/1/6 4007/1/6 4017/1/6
f 4009/1/6 4010/1/6 4018/1/6
f 4018/1/6 4010/1/6 4019/1/6
f 4011/1/6 4012/1/6 4020/1/6
f 4020/1/6 4012/1/6 4021/1/6
f 4014/1/6 4015/1/6 4022/1/6
f 4022/1/6 4015/1/6 4023/1/6
f 4024/1/6 4025/1/6 4028/1/6
f 4028/1/6 4025/1/6 4029/1/6
f 4026/1/6 4027/1/6 4030/1/6
f 4030/1/6 4027/1/6 4031/1/6
f 4032/1/6 4033/1/6 4036/1/6
f 4036/1/6 4033/1/6 4037/1/6
f 4034/1/6 4035/1/6 4038/1/6
f 4038/1/6 4035/1/6 4039/1/6
f 4040/1/6 4041/1/6 4044/1/6
f 4044/1/6 4041/1/6 4045/1/6
f 4042/1/6 4043/1/6 4046/1/6
f 4046/1/6 4043/1/6 4047/1/6
f 4048/1/6 4049/1/6 4053/1/6
f 4053/1/6 4049/1/6 4054/1/6
f 4051/1/6 4052/1/6 4055/1/6
f 4050/1/6 4051/1/6 4055/1/6
f 4055/1/6 4052/1/6 4056/1/6
f 4057/1/6 4058/1/6 4059/1/6
f 4059/1/6 4058/1/6 4060/1/6
f 4057/1/6 4059/1/6 4061/1/6
f 4059/4/6 4060/4/6 4061/4/6
f 4060/1/6 4058/1/6 4062/1/6
f 4061/4/6 4060/4/6 4062/4/6
f 4057/1/6 4061/1/6 4063/1/6
f 4061/1/6 4062/1/6 4063/1/6
f 4062/1/6 4058/1/6 4064/1/6
f 4063/1/6 4062/1/6 4064/1/6
